,id,team_nickname,primary_position,full_name,pitcher_hand,pitcher_previous_stats_szn,rolling_1pitch,rolling_3pitch,rolling_10pitch,pitcher_previous_stats_szn_bases,rolling_1pitch_bases,rolling_3pitch_bases,rolling_10pitch_bases,pitcher_strikes_spread,pitcher_balls_spread,pitcher_speed,pitcher_fast_spread,pitcher_offspeed_spread,pitcher_ab_count
0,71791d18-9c59-4e2f-863d-007d3cdd7efd,Mariners,SP,Luis Castillo,R,0.2642405063291139,1.0,0.6666666666666666,0.3,0.4287974683544304,1.0,0.6666666666666666,0.4,0.6613924050632911,0.3386075949367088,92.78101265822784,0.5822784810126582,0.4177215189873418,632.0
1,d3a08e67-05e9-4f54-b7b1-807c8e9beaf2,Mariners,SP,Logan Gilbert,R,0.2701342281879195,0.0,0.3333333333333333,0.4,0.424496644295302,0.0,0.6666666666666666,0.6,0.6946308724832215,0.3053691275167785,90.06711409395973,0.6929530201342282,0.3070469798657718,596.0
2,47a41eee-f06a-4590-af22-453fdd7bd39d,Mariners,SP,George Kirby,R,0.2663316582914573,1.0,1.0,0.5,0.4070351758793969,2.0,1.3333333333333333,0.7,0.7219430485762144,0.2780569514237856,92.15192629815743,0.5393634840871022,0.4606365159128978,597.0
3,3e72c29b-c305-4e6b-8311-0bec2e447b72,Mariners,SP,Bryce Miller,R,0.2615384615384615,0.0,0.0,0.2,0.4205128205128205,0.0,0.0,0.3,0.7153846153846154,0.2846153846153846,91.86102564102563,0.7974358974358975,0.2025641025641025,390.0
4,5f42fd84-97c3-4c95-bf35-ad67f4b08443,Mariners,SP,Bryan Woo,R,0.2995951417004048,0.0,0.0,0.1,0.4534412955465587,0.0,0.0,0.1,0.7206477732793523,0.2793522267206478,93.17368421052632,0.6761133603238867,0.3238866396761133,247.0
5,60b7e25e-7765-4d8b-82a6-d33e7179dae5,Mariners,SP,Luke Weaver,R,0.3616071428571428,0.0,0.6666666666666666,0.3,0.6049107142857143,0.0,0.6666666666666666,0.4,0.6941964285714286,0.3058035714285714,89.49352678571428,0.6383928571428571,0.3616071428571428,448.0
6,2c49a12d-9242-43e0-b6b7-d2588b46ff77,Mariners,RP,Justin Topa,R,0.2731707317073171,0.0,0.0,0.2,0.3317073170731707,0.0,0.0,0.2,0.775609756097561,0.224390243902439,91.03121951219512,0.3951219512195122,0.6048780487804878,205.0
7,7f15e43d-14bb-4564-b7f5-24ded570ef64,Mariners,RP,Matthew Brash,R,0.3277310924369748,0.0,0.0,0.1,0.3865546218487395,0.0,0.0,0.1,0.6092436974789915,0.3907563025210084,92.48235294117649,0.907563025210084,0.0924369747899159,238.0
8,da007384-6e98-476a-9972-a47cd0e0aae2,Mariners,RP,Gabriel Speier,L,0.2621951219512195,1.0,0.3333333333333333,0.2,0.3658536585365853,4.0,1.3333333333333333,0.5,0.5975609756097561,0.4024390243902439,91.41036585365852,0.5,0.5,164.0
9,eb18a549-a572-4f11-8780-9d872e7da67c,Mariners,RP,Tayler Saucedo,L,0.3333333333333333,0.0,0.6666666666666666,0.6,0.3757575757575757,0.0,1.0,0.7,0.5393939393939394,0.4606060606060606,87.40969696969697,0.2666666666666666,0.7333333333333333,165.0
10,f4cbd525-3cca-47dc-847a-5e4c68ccdada,Mariners,RP,Isaiah Campbell,R,0.3333333333333333,1.0,0.3333333333333333,0.5,0.4545454545454545,1.0,0.3333333333333333,0.8,0.6363636363636364,0.3636363636363636,88.96666666666667,0.8333333333333334,0.1666666666666666,66.0
11,c7513e8c-c4a0-4ece-8815-cd2889c61226,Mariners,RP,Trent Thornton,R,0.296875,1.0,0.6666666666666666,0.4,0.453125,1.0,1.0,0.6,0.71875,0.28125,87.3953125,0.453125,0.546875,64.0
12,2527770b-cf48-42b9-81fa-9323756fb311,Rangers,SP,Maxwell Scherzer,R,0.2891791044776119,1.0,0.3333333333333333,0.6,0.4552238805970149,2.0,0.6666666666666666,0.7,0.6809701492537313,0.3190298507462686,87.3695895522388,0.707089552238806,0.292910447761194,536.0
13,e96d88f5-3593-48fb-b1fd-840b41c08cc5,Rangers,SP,Jordan Montgomery,L,0.2967213114754098,0.0,0.3333333333333333,0.2,0.4360655737704918,0.0,0.3333333333333333,0.2,0.6819672131147541,0.3180327868852459,88.50590163934426,0.0934426229508196,0.9065573770491804,610.0
14,106c933c-0203-4e5a-bd06-f8bc420b9b9f,Rangers,SP,Jonathan Gray,R,0.3128491620111732,1.0,0.6666666666666666,0.4,0.4208566108007449,1.0,0.6666666666666666,0.4,0.6256983240223464,0.3743016759776536,90.65903165735568,0.851024208566108,0.148975791433892,537.0
15,ade46bf9-fcaa-4185-8fc9-79af6d2ec81b,Rangers,SP,Andrew Heaney,L,0.3274161735700197,0.0,0.3333333333333333,0.5,0.4950690335305719,0.0,0.3333333333333333,0.8,0.6272189349112426,0.3727810650887574,87.86646942800789,0.7692307692307693,0.2307692307692307,507.0
16,f4c93b6c-749c-409a-bcd5-58fb2ef53246,Rangers,SP,Dane Dunning,R,0.2968460111317254,0.0,0.0,0.3,0.411873840445269,0.0,0.0,0.3,0.6660482374768089,0.3339517625231911,87.56549165120595,0.4044526901669759,0.5955473098330241,539.0
17,17a14a6a-42f8-4f2e-86f3-42051584563e,Rangers,RP,Albertin Chapman,L,0.2617801047120419,0.0,0.0,0.2,0.3193717277486911,0.0,0.0,0.5,0.6701570680628273,0.3298429319371728,96.15287958115184,0.6178010471204188,0.3821989528795811,191.0
18,36033e23-516d-48fb-90d3-4309e329fca5,Rangers,RP,José Leclerc,R,0.2594936708860759,0.0,0.0,0.1,0.360759493670886,0.0,0.0,0.1,0.5759493670886076,0.4240506329113924,89.51455696202531,0.8417721518987342,0.1582278481012658,158.0
19,cdd52cf2-b10d-456a-9a92-1d74e1f05bac,Rangers,RP,Christopher Stratton,R,0.2676579925650557,0.0,0.0,0.1,0.3903345724907063,0.0,0.0,0.1,0.6802973977695167,0.3197026022304832,88.78661710037174,0.7286245353159851,0.2713754646840148,269.0
20,5cc6bf5e-80b0-42ef-8735-1f1df4af3a12,Rangers,RP,Joshua Sborz,R,0.2622950819672131,0.0,0.6666666666666666,0.4,0.3934426229508196,0.0,1.6666666666666667,1.0,0.6065573770491803,0.3934426229508196,90.93224043715846,0.7650273224043715,0.2349726775956284,183.0
21,eb458d81-ba52-443b-8a22-e9c35d089012,Rangers,RP,Brock Burke,L,0.2696078431372549,0.0,0.3333333333333333,0.3,0.4215686274509804,0.0,0.6666666666666666,0.5,0.7745098039215687,0.2254901960784313,92.03578431372549,0.803921568627451,0.196078431372549,204.0
22,a6651b0c-51b9-4586-a4e6-edb74b826daa,Rangers,RP,Grant Anderson,R,0.3287671232876712,0.0,0.3333333333333333,0.4,0.4520547945205479,0.0,0.3333333333333333,0.4,0.7123287671232876,0.2876712328767123,89.17945205479452,0.678082191780822,0.3219178082191781,146.0
23,9012e198-9f53-4885-8b24-402e51524e82,Rangers,SP,Martín Pérez,L,0.3484251968503937,1.0,1.0,0.4,0.5019685039370079,1.0,1.0,0.4,0.6594488188976378,0.3405511811023622,88.75669291338583,0.2578740157480315,0.7421259842519685,508.0
24,1a1311e0-465c-45de-9f94-78e52fc067c3,Angels,SP,Lucas Giolito,R,0.3083067092651757,0.0,0.3333333333333333,0.4,0.5,0.0,0.3333333333333333,0.6,0.6789137380191693,0.3210862619808307,87.20447284345047,0.7284345047923323,0.2715654952076677,626.0
25,80de60c9-74e3-4a50-b128-b3dc7456a254,Angels,DH,Shohei Ohtani,R,0.2846299810246679,0.0,0.3333333333333333,0.2,0.4155597722960152,0.0,0.3333333333333333,0.2,0.6603415559772297,0.3396584440227704,89.60474383301707,0.4914611005692599,0.50853889943074,527.0
26,a920073f-154b-4173-a8ff-aed0b2c22711,Angels,SP,Tyler Anderson,L,0.3523622047244094,0.0,0.6666666666666666,0.5,0.5039370078740157,0.0,1.0,0.6,0.6259842519685039,0.374015748031496,85.43562992125985,0.610236220472441,0.389763779527559,508.0
27,f69252fd-0aa5-4043-9875-d0aa4915056a,Angels,SP,Patrick Sandoval,L,0.3314065510597302,1.0,1.0,0.5,0.4277456647398844,2.0,1.3333333333333333,0.7,0.649325626204239,0.350674373795761,87.29421965317918,0.5375722543352601,0.4624277456647399,519.0
28,1cdd5198-b8c8-4c0f-8c96-b0192b00b8b2,Angels,SP,Reid Detmers,L,0.3266129032258064,0.0,0.3333333333333333,0.2,0.4778225806451613,0.0,0.3333333333333333,0.2,0.6754032258064516,0.3245967741935484,88.96895161290323,0.8104838709677419,0.189516129032258,496.0
29,35060d8e-3e99-4c49-b5db-36896605f930,Angels,SP,Chase Silseth,R,0.3089005235602094,1.0,0.6666666666666666,0.4,0.4921465968586387,1.0,1.6666666666666667,1.0,0.6492146596858639,0.3507853403141361,89.4350785340314,0.6282722513089005,0.3717277486910995,191.0
30,470b008b-639b-4f14-975b-1eb51d918358,Angels,SP,Griffin Canning,R,0.3041095890410959,0.0,0.0,0.3,0.4904109589041096,0.0,0.0,0.6,0.6657534246575343,0.3342465753424657,90.4249315068493,0.6301369863013698,0.3698630136986301,365.0
31,942dc231-6052-4410-9bad-e94e465bc914,Angels,RP,Reynaldo López,R,0.3009259259259259,0.0,0.3333333333333333,0.3,0.4444444444444444,0.0,0.3333333333333333,0.3,0.6481481481481481,0.3518518518518518,94.44398148148149,0.9351851851851852,0.0648148148148148,216.0
32,a4d6c32a-74f0-45ff-a397-ca045fcaba2b,Angels,RP,Matthew Moore,L,0.2333333333333333,1.0,0.3333333333333333,0.3,0.36,1.0,0.3333333333333333,0.3,0.66,0.34,88.77666666666667,0.4533333333333333,0.5466666666666666,150.0
33,8968ebe3-c396-47f1-b348-dc7499172867,Angels,RP,Dominic Leone,R,0.3024691358024691,0.0,0.3333333333333333,0.3,0.4814814814814814,0.0,0.3333333333333333,0.3,0.6728395061728395,0.3271604938271605,91.34074074074074,1.0,0.0,162.0
34,454b4642-c1ad-4b8e-8728-0d8bb03051be,Angels,RP,Aaron Loup,L,0.3563218390804598,1.0,0.3333333333333333,0.4,0.5172413793103449,1.0,0.3333333333333333,0.7,0.6724137931034483,0.3275862068965517,86.45459770114942,0.2241379310344827,0.7758620689655172,174.0
35,80ff939b-b430-4b28-b4fc-f3276b098af8,Angels,RP,José Soriano,R,0.3688524590163934,1.0,0.3333333333333333,0.4,0.4590163934426229,1.0,0.3333333333333333,0.5,0.5245901639344263,0.4754098360655737,92.34918032786884,0.3114754098360656,0.6885245901639344,122.0
36,738eb5e8-2ab8-4428-928a-81a31b7228de,Angels,RP,Jaime Barría,R,0.3154362416107382,0.0,0.3333333333333333,0.5,0.5,0.0,0.3333333333333333,1.1,0.6677852348993288,0.3322147651006711,88.04362416107382,0.8187919463087249,0.1812080536912751,298.0
37,320c97b3-d559-498b-9eb9-4c087c8cf9bb,Angels,RP,Jimmy Herget,R,0.3684210526315789,1.0,0.6666666666666666,0.6,0.5921052631578947,1.0,0.6666666666666666,1.0,0.6710526315789473,0.3289473684210526,82.84868421052632,0.3289473684210526,0.6710526315789473,76.0
38,1780396a-30a4-4527-a6cc-59e74dc5c5e4,Angels,RP,Kenneth Rosenberg,L,0.4642857142857143,1.0,0.6666666666666666,0.4,0.5357142857142857,1.0,0.6666666666666666,0.4,0.5357142857142857,0.4642857142857143,86.75714285714285,0.5714285714285714,0.4285714285714285,28.0
39,c967b600-efdf-46ae-bb37-f4940fa29b2a,Athletics,SP,Paul Blackburn,R,0.3391304347826087,0.0,0.3333333333333333,0.2,0.472463768115942,0.0,1.3333333333333333,0.5,0.5942028985507246,0.4057971014492754,86.70463768115941,0.5768115942028985,0.4231884057971014,345.0
40,9879d57f-6e61-4d12-be21-25c2b7328947,Athletics,SP,John Patrick Sears,L,0.3093145869947276,1.0,1.0,0.6,0.5114235500878734,3.0,2.6666666666666665,1.3,0.664323374340949,0.335676625659051,87.66625659050966,0.6151142355008787,0.3848857644991212,569.0
41,5f586661-b5eb-4830-80fe-d2e7a8d78a95,Athletics,SP,Kenneth Waldichuk,L,0.3724279835390947,0.0,0.0,0.3,0.5576131687242798,0.0,0.0,0.9,0.6522633744855967,0.3477366255144033,88.42386831275721,0.5473251028806584,0.4526748971193415,486.0
42,a7c82f82-a77a-44af-b973-771f84226804,Athletics,SP,Kyle Muller,L,0.4141791044776119,1.0,0.3333333333333333,0.4,0.5895522388059702,1.0,0.3333333333333333,0.7,0.7313432835820896,0.2686567164179104,89.18917910447762,0.8395522388059702,0.1604477611940298,268.0
43,30d522ec-b5f3-4836-8f53-4b7ad9b3086a,Athletics,RP,Lucas Erceg,R,0.4,0.0,0.3333333333333333,0.4,0.5166666666666667,0.0,0.3333333333333333,0.5,0.6388888888888888,0.3611111111111111,94.71944444444443,0.3833333333333333,0.6166666666666667,180.0
44,838754e3-6865-4e6f-b2f7-708451c78aa9,Athletics,RP,Kirby Snead,L,0.2222222222222222,0.0,0.0,0.1,0.3333333333333333,0.0,0.0,0.1,0.6666666666666666,0.3333333333333333,86.51111111111112,0.5833333333333334,0.4166666666666667,36.0
45,ddc866dc-fc5a-4e14-aca0-72e557609c5c,Athletics,RP,Francisco Pérez,L,0.391304347826087,0.0,0.0,0.4,0.5217391304347826,0.0,0.0,0.5,0.6521739130434783,0.3478260869565217,88.89565217391304,0.4782608695652174,0.5217391304347826,23.0
46,514a5859-7f3f-4546-8b23-7cd221066240,Athletics,RP,Adrián Martínez,R,0.3380281690140845,1.0,0.3333333333333333,0.4,0.4788732394366197,1.0,0.3333333333333333,0.4,0.6830985915492958,0.3169014084507042,89.44647887323943,0.1197183098591549,0.8802816901408451,142.0
47,169b7765-2519-4f2f-a67f-2e010c0d361e,Athletics,SP,Zachary Neal,R,0.396551724137931,0.0,0.6666666666666666,0.6,0.7068965517241379,0.0,1.0,1.0,0.6206896551724138,0.3793103448275862,84.83448275862068,0.3103448275862069,0.6896551724137931,58.0
48,73ee6ed9-cae7-4d55-a8f0-aa8e837312d8,Athletics,RP,Dany Jiménez,R,0.2702702702702703,0.0,0.0,0.4,0.4324324324324324,0.0,0.0,0.4,0.7567567567567568,0.2432432432432432,85.61351351351351,1.0,0.0,37.0
49,28b6b8aa-761b-4fdf-8708-838ea470c4f5,Athletics,RP,Spencer Patton,R,0.25,1.0,0.3333333333333333,0.2,0.5714285714285714,1.0,0.3333333333333333,0.5,0.8571428571428571,0.1428571428571428,86.75357142857142,0.9642857142857144,0.0357142857142857,28.0
51,2fe6cb9b-c41e-4ee2-9b22-f8b27bf6c5be,Astros,SP,Justin Verlander,R,0.2892057026476578,0.0,0.6666666666666666,0.3,0.4093686354378819,0.0,1.0,0.5,0.6843177189409368,0.3156822810590631,89.25356415478615,0.7780040733197556,0.2219959266802444,491.0
52,00026bf9-dc12-4711-8443-45fbac448ea0,Astros,SP,Framber Valdez,L,0.2882165605095541,1.0,0.6666666666666666,0.5,0.4171974522292994,1.0,1.6666666666666667,0.8,0.7054140127388535,0.2945859872611465,90.03535031847133,0.1353503184713375,0.8646496815286624,628.0
53,00a81b80-a20f-4fb7-894f-23b4d1a63941,Astros,SP,Cristian Javier,R,0.3098330241187384,0.0,0.3333333333333333,0.4,0.4842300556586271,0.0,0.3333333333333333,0.4,0.6419294990723562,0.3580705009276438,88.1773654916512,0.9202226345083488,0.0797773654916512,539.0
54,7ba58155-1133-4f26-be65-9ce443e3fedc,Astros,SP,Hunter Brown,R,0.3308550185873606,0.0,0.6666666666666666,0.5,0.4925650557620817,0.0,1.0,1.0,0.6561338289962825,0.3438661710037174,90.5139405204461,0.6505576208178439,0.3494423791821561,538.0
55,54a4a196-9a19-4af0-954e-f8d337542ecd,Astros,SP,José Urquidy,R,0.3313253012048193,0.0,0.3333333333333333,0.3,0.5060240963855421,0.0,0.3333333333333333,0.3,0.5903614457831325,0.4096385542168674,87.6066265060241,0.2831325301204819,0.7168674698795181,166.0
56,f03fe236-d3b8-4bfd-b08b-963fd5c4391a,Astros,SP,Jonathan France,R,0.2982062780269058,0.0,0.3333333333333333,0.4,0.4170403587443946,0.0,1.3333333333333333,0.7,0.7152466367713004,0.2847533632286995,86.87040358744395,0.7174887892376681,0.2825112107623318,446.0
57,cc22e589-c92a-4fa1-9bfe-45684e91f837,Astros,RP,Hector Neris,R,0.2966507177033493,0.0,0.0,0.4,0.4258373205741627,0.0,0.0,0.8,0.6076555023923444,0.3923444976076555,89.78612440191387,0.4832535885167464,0.5167464114832536,209.0
58,fd2a37d4-32ae-45e2-a0dd-d58e0d9ac869,Astros,RP,Bryan Abreu,R,0.2838983050847458,1.0,0.3333333333333333,0.1,0.3940677966101695,1.0,0.3333333333333333,0.1,0.6016949152542372,0.3983050847457627,91.09110169491524,0.9533898305084746,0.0466101694915254,236.0
59,18be2520-ed71-4e1e-94c8-29b0590e2b5c,Astros,RP,Kendall Graveman,R,0.3013100436681222,0.0,0.6666666666666666,0.3,0.4148471615720524,0.0,1.0,0.4,0.611353711790393,0.388646288209607,92.84497816593888,0.4672489082969432,0.5327510917030568,229.0
60,ef2a7fa6-94d5-4875-b205-c5f2bd30758a,Astros,RP,Ryne Stanek,R,0.3064516129032258,0.0,0.3333333333333333,0.3,0.4301075268817204,0.0,1.3333333333333333,0.6,0.6612903225806451,0.3387096774193548,95.17903225806452,0.8064516129032258,0.1935483870967742,186.0
61,0be3617f-5d44-4609-967b-d16bc9681c96,Astros,RP,Rafael Montero,R,0.3516949152542373,1.0,1.0,0.5,0.5508474576271186,1.0,1.3333333333333333,0.6,0.5805084745762712,0.4194915254237288,93.8572033898305,0.4915254237288136,0.5084745762711864,236.0
62,3a90b7a2-5d39-4165-8ef0-89a9432d517d,Astros,RP,Seth Martinez,R,0.3617021276595745,0.0,0.3333333333333333,0.8,0.5159574468085106,0.0,0.3333333333333333,1.1,0.6382978723404256,0.3617021276595745,86.9191489361702,0.4308510638297872,0.5691489361702128,188.0
63,cef2e01f-1349-4e31-bf1e-757ae8cb6bc6,Blue Jays,SP,Kevin Gausman,R,0.2886247877758913,1.0,0.6666666666666666,0.5,0.4244482173174873,1.0,1.0,0.7,0.6213921901528013,0.3786078098471986,90.7830220713073,0.597623089983022,0.4023769100169779,589.0
64,56da7cb9-5975-46cd-8c63-96fce1245945,Blue Jays,SP,José Berríos,R,0.3018242122719735,1.0,0.6666666666666666,0.2,0.4328358208955223,1.0,0.6666666666666666,0.2,0.6451077943615257,0.3548922056384743,88.40398009950249,0.165837479270315,0.8341625207296849,603.0
65,90fa044f-7148-414c-af09-e0d4eb621775,Blue Jays,SP,Christopher Bassitt,R,0.3050314465408805,1.0,0.3333333333333333,0.2,0.4638364779874214,2.0,0.6666666666666666,0.5,0.6949685534591195,0.3050314465408805,86.1377358490566,0.2720125786163522,0.7279874213836478,636.0
66,7160046b-1575-40ab-bd09-9d11bbac7957,Blue Jays,SP,Yusei Kikuchi,L,0.302536231884058,0.0,0.3333333333333333,0.4,0.463768115942029,0.0,0.3333333333333333,0.4,0.6739130434782609,0.3260869565217391,90.42989130434783,0.730072463768116,0.269927536231884,552.0
67,01d71849-6f8e-4394-ae98-155bd61c68e8,Blue Jays,SP,Hyun Jin Ryu,L,0.2631578947368421,0.0,0.3333333333333333,0.3,0.3552631578947368,0.0,0.3333333333333333,0.3,0.6710526315789473,0.3289473684210526,79.97631578947369,0.4078947368421052,0.5921052631578947,76.0
68,b6064f09-31ae-4d05-832c-2f4c4043c7cb,Blue Jays,RP,Jordan Hicks,R,0.3408071748878923,0.0,0.0,0.1,0.4304932735426009,0.0,0.0,0.4,0.6053811659192825,0.3946188340807174,97.55650224215246,0.2376681614349775,0.7623318385650224,223.0
69,ffa959cf-a28b-4218-a8a7-0987232e535d,Blue Jays,RP,Erik Swanson,R,0.2780269058295964,0.0,0.0,0.2,0.4035874439461883,0.0,0.0,0.2,0.6278026905829597,0.3721973094170404,87.55201793721973,0.3677130044843049,0.6322869955156951,223.0
70,3731cc61-f348-4155-bccc-a46a2a7edbf3,Blue Jays,RP,Yimi García,R,0.3212669683257919,1.0,0.6666666666666666,0.4,0.4434389140271493,1.0,1.0,0.5,0.6787330316742082,0.3212669683257919,91.1180995475113,0.4343891402714932,0.5656108597285068,221.0
71,71948aff-effa-49e9-a040-396bc6b22f31,Blue Jays,RP,Trevor Richards,R,0.2869565217391304,0.0,0.3333333333333333,0.2,0.4391304347826087,0.0,0.3333333333333333,0.2,0.5217391304347826,0.4782608695652174,86.78347826086957,0.3826086956521739,0.6173913043478261,230.0
72,3ebc6d31-8050-43d2-9f0f-b74bb1f2e018,Blue Jays,RP,Timothy Mayza,L,0.2823529411764706,0.0,0.3333333333333333,0.4,0.3411764705882353,0.0,0.3333333333333333,0.4,0.6529411764705882,0.3470588235294117,91.83,0.2529411764705882,0.7470588235294118,170.0
73,f3719f44-d0f6-4d30-9bb3-22a3f315aae7,Blue Jays,RP,Génesis Cabrera,L,0.291005291005291,0.0,0.3333333333333333,0.1,0.4338624338624338,0.0,0.6666666666666666,0.2,0.6084656084656085,0.3915343915343915,92.14444444444445,0.7407407407407407,0.2592592592592592,189.0
74,33d74b50-ee53-42d2-8556-0d77e2c4a148,Blue Jays,RP,Bowden Francis,R,0.22,0.0,0.3333333333333333,0.2,0.4,0.0,0.6666666666666666,0.6,0.71,0.29,87.16,0.69,0.31,100.0
75,eebc991a-23ea-4f1c-ba3b-37ff21ee1603,Yankees,SP,Gerrit Cole,R,0.2763975155279503,0.0,0.3333333333333333,0.3,0.389751552795031,0.0,1.3333333333333333,0.6,0.6754658385093167,0.3245341614906832,93.1580745341615,0.827639751552795,0.1723602484472049,644.0
76,b5fe445d-6ac4-4542-a73c-69afced32a97,Yankees,SP,Carlos Rodón,L,0.3379310344827586,0.0,0.0,0.3,0.5517241379310345,0.0,0.0,0.3,0.7241379310344828,0.2758620689655172,92.26827586206896,0.9586206896551724,0.0413793103448275,145.0
77,98382676-6df3-4b1f-9bc8-8c2f1fd28621,Yankees,SP,Clarke Schmidt,R,0.3246268656716418,0.0,0.6666666666666666,0.3,0.5,0.0,1.0,0.4,0.6716417910447762,0.3283582089552239,89.29701492537313,0.2779850746268656,0.7220149253731343,536.0
78,fa34724d-b540-4705-9d2c-7f50f81865b3,Yankees,SP,Luis Severino,R,0.3927492447129909,1.0,0.6666666666666666,0.3,0.6404833836858006,1.0,1.6666666666666667,0.6,0.6676737160120846,0.3323262839879154,91.72054380664652,0.7915407854984894,0.2084592145015106,331.0
79,d6d28d10-085a-4122-86c0-2886b5ec362a,Yankees,SP,Jhony Brito,R,0.3321299638989169,0.0,0.0,0.4,0.5379061371841155,0.0,0.0,0.4,0.6787003610108303,0.3212996389891697,90.9490974729242,0.0902527075812274,0.9097472924187726,277.0
80,b0b80d42-de4b-4722-b4fa-bbdbb0d5d53e,Yankees,RP,Wandy Peralta,L,0.3177083333333333,1.0,0.6666666666666666,0.4,0.4322916666666667,1.0,0.6666666666666666,0.4,0.53125,0.46875,91.90260416666666,0.1458333333333333,0.8541666666666666,192.0
81,8adff54a-cb4b-4692-b18c-e9aaa9a8e076,Yankees,RP,Michael King,R,0.296028880866426,1.0,0.3333333333333333,0.3,0.4151624548736462,4.0,1.3333333333333333,0.6,0.6245487364620939,0.3754512635379061,89.05992779783394,0.1913357400722021,0.8086642599277978,277.0
82,257b1387-5dfa-4674-a3b7-6eb561ed2f06,Yankees,RP,Thomas Kahnle,R,0.2796610169491525,1.0,0.3333333333333333,0.3,0.3983050847457627,4.0,1.3333333333333333,0.6,0.6101694915254238,0.3898305084745763,90.0457627118644,0.1694915254237288,0.8305084745762712,118.0
83,450c50cd-69aa-4389-a5eb-ca6eaa3a0931,Yankees,RP,Keynan Middleton,R,0.2984293193717277,1.0,0.3333333333333333,0.3,0.4293193717277487,1.0,0.3333333333333333,0.3,0.5863874345549738,0.4136125654450261,89.1151832460733,0.5340314136125655,0.4659685863874345,191.0
84,5d89265b-ae25-4362-807a-7b4d9a67ae55,Yankees,RP,Jonathan Loáisiga,R,0.1212121212121212,0.0,0.0,0.1,0.2121212121212121,0.0,0.0,0.1,0.6666666666666666,0.3333333333333333,95.64848484848486,0.0303030303030303,0.9696969696969696,33.0
85,f4fb7a7f-4ab4-4f1e-8a82-1561d87a7f04,Yankees,RP,Ian Hamilton,R,0.2872340425531915,0.0,0.0,0.1,0.3670212765957447,0.0,0.0,0.1,0.5797872340425532,0.4202127659574468,91.20744680851064,0.7872340425531915,0.2127659574468085,188.0
86,1cee0c9e-5464-41c3-a3f4-be0c5863875f,Yankees,RP,Albert Abreu,R,0.3416666666666667,0.0,0.3333333333333333,0.5,0.4833333333333333,0.0,0.3333333333333333,0.9,0.6625,0.3375,93.28916666666667,0.2958333333333333,0.7041666666666667,240.0
87,2d8511cd-e05d-40cf-8672-3d6706ae39e3,Red Sox,SP,James Paxton,L,0.2955145118733509,1.0,1.0,0.5,0.4643799472295514,2.0,2.333333333333333,0.9,0.6886543535620053,0.3113456464379947,90.83377308707124,0.783641160949868,0.2163588390501319,379.0
88,3c5c48e4-cdc8-43e1-8239-a15e78677139,Red Sox,SP,Brayan Bello,R,0.3081510934393638,1.0,0.3333333333333333,0.5,0.4652087475149105,1.0,0.3333333333333333,0.5,0.6679920477137177,0.3320079522862823,91.47952286282306,0.3399602385685885,0.6600397614314115,503.0
89,d548d8c4-f974-4ee8-873f-16b72429d2c3,Red Sox,SP,Kutter Crawford,R,0.2827763496143959,0.0,0.3333333333333333,0.3,0.4447300771208226,0.0,1.3333333333333333,0.6,0.6812339331619537,0.3187660668380462,88.37017994858611,0.7326478149100257,0.2673521850899742,389.0
90,1b0ad742-0bc5-49b0-abe0-005e8581b1d3,Red Sox,SP,Tanner Houck,R,0.3061889250814332,0.0,0.0,0.2,0.4364820846905538,0.0,0.0,0.2,0.6807817589576547,0.3192182410423452,89.46221498371337,0.6058631921824105,0.3941368078175896,307.0
91,66c43b7f-760a-446c-9f50-671915570227,Red Sox,SP,Christopher Sale,L,0.293286219081272,1.0,0.6666666666666666,0.4,0.4628975265017668,1.0,0.6666666666666666,0.4,0.5759717314487632,0.4240282685512367,88.5416961130742,0.734982332155477,0.2650176678445229,283.0
92,d49a253f-518e-4a86-9dcf-c91497c29d92,Red Sox,SP,Nicholas Pivetta,R,0.289237668161435,1.0,0.6666666666666666,0.2,0.4730941704035874,1.0,1.6666666666666667,0.5,0.6300448430493274,0.3699551569506726,88.91659192825112,0.7017937219730942,0.2982062780269058,446.0
93,4e52e687-a91b-40ca-9ebd-1bf8006a6d53,Red Sox,RP,Christopher Martin,R,0.25,0.0,0.3333333333333333,0.2,0.325,0.0,0.3333333333333333,0.3,0.7,0.3,92.359375,0.66875,0.33125,160.0
94,168e458f-a73b-4361-b25b-31fe1eb50e61,Red Sox,RP,Joshua Winckowski,R,0.3309859154929577,1.0,0.6666666666666666,0.3,0.4612676056338028,1.0,1.0,0.4,0.6866197183098591,0.3133802816901408,92.043661971831,0.5492957746478874,0.4507042253521127,284.0
95,0f25d081-94d3-46b7-b534-2699a252a140,Red Sox,RP,John Schreiber,R,0.3305785123966942,0.0,0.3333333333333333,0.5,0.4545454545454545,0.0,0.3333333333333333,0.8,0.6694214876033058,0.3305785123966942,89.49338842975207,0.5289256198347108,0.4710743801652892,121.0
96,2cf674c0-51a0-4aab-9303-c872345243c4,Red Sox,RP,Brennan Bernardino,L,0.301775147928994,0.0,0.3333333333333333,0.3,0.4023668639053254,0.0,0.6666666666666666,0.5,0.7455621301775148,0.2544378698224852,87.09585798816569,0.0,1.0,169.0
97,61bc96e6-dbb3-4dc0-972d-0c85d49f37ca,Red Sox,SP,Garrett Whitlock,R,0.3193277310924369,0.0,0.6666666666666666,0.2,0.5462184873949579,0.0,1.6666666666666667,0.5,0.6890756302521008,0.3109243697478991,87.51050420168067,0.0798319327731092,0.9201680672268908,238.0
98,eb959fab-f117-4ae1-825c-55e641f9e5cb,Red Sox,RP,Mauricio Llovera,R,0.3636363636363636,1.0,0.3333333333333333,0.3,0.4935064935064935,2.0,0.6666666666666666,0.4,0.6493506493506493,0.3506493506493506,90.26883116883116,0.4025974025974026,0.5974025974025974,77.0
99,1b65d697-deeb-4eec-8bc3-c704a21c7cda,Rays,SP,Aaron Civale,R,0.2807486631016043,1.0,0.3333333333333333,0.3,0.374331550802139,1.0,0.3333333333333333,0.3,0.6818181818181818,0.3181818181818182,85.73074866310161,0.5053475935828877,0.4946524064171123,374.0
100,dc22b8c1-fc07-4f68-ae4c-254e9dcc74c1,Rays,SP,Zachary Eflin,R,0.2619047619047619,0.0,0.3333333333333333,0.4,0.4065934065934066,0.0,0.3333333333333333,0.7,0.7051282051282052,0.2948717948717949,87.4448717948718,0.3113553113553113,0.6886446886446886,546.0
101,81125861-72f8-461c-b7c2-46fc460a7115,Rays,SP,Tyler Glasnow,R,0.2713414634146341,0.0,0.0,0.1,0.4115853658536585,0.0,0.0,0.4,0.6554878048780488,0.3445121951219512,91.37743902439024,0.7682926829268293,0.2317073170731707,328.0
102,fe0fc487-45d3-4178-9fd7-6c00025aff7e,Rays,SP,Zack Littell,R,0.2976744186046511,0.0,0.6666666666666666,0.4,0.4604651162790698,0.0,0.6666666666666666,0.4,0.7348837209302326,0.2651162790697674,88.94418604651163,0.6604651162790698,0.3395348837209302,215.0
103,bb8651aa-fe5b-41ca-9b19-dca358fb9507,Rays,RP,Jason Adam,R,0.2912621359223301,1.0,0.6666666666666666,0.3,0.4174757281553398,2.0,1.0,0.4,0.6213592233009708,0.3786407766990291,88.18883495145631,0.3349514563106796,0.6650485436893204,206.0
104,6ff68416-4a92-49e8-8432-b672e0e6d4db,Rays,RP,Andrew Kittredge,R,0.1428571428571428,1.0,0.3333333333333333,0.1666666666666666,0.1428571428571428,1.0,0.3333333333333333,0.1666666666666666,0.4285714285714285,0.5714285714285714,91.84285714285714,0.5714285714285714,0.4285714285714285,7.0
105,9f50b346-bcfd-40ca-995c-83bb942c81e4,Rays,RP,Colin Poche,L,0.2819148936170212,0.0,0.3333333333333333,0.3,0.3882978723404255,0.0,0.3333333333333333,0.3,0.6542553191489362,0.3457446808510638,89.79627659574469,1.0,0.0,188.0
106,b469052e-5b3b-42fa-bfe5-bdd91c6ccee5,Rays,RP,Jacob Diekman,L,0.3387096774193548,0.0,0.0,0.5,0.4193548387096774,0.0,0.0,0.6,0.6559139784946236,0.3440860215053763,92.552688172043,0.6182795698924731,0.3817204301075269,186.0
107,fba71c66-344e-44b7-a5b8-1b67f6a3c767,Rays,RP,Robert Stephenson,R,0.25,0.0,0.0,0.0,0.4230769230769231,0.0,0.0,0.0,0.5897435897435898,0.4102564102564102,89.40192307692308,0.903846153846154,0.0961538461538461,156.0
108,636653db-659f-46b4-a672-fcc478fc5be5,Rays,RP,Shawn Armstrong,R,0.2205882352941176,0.0,0.0,0.2,0.2794117647058823,0.0,0.0,0.2,0.7205882352941176,0.2794117647058823,92.29485294117649,0.7647058823529411,0.2352941176470588,136.0
109,e10239f6-8a6e-42af-bfb1-03fdf173af3d,Rays,RP,Erasmo Ramírez,R,0.3622448979591837,0.0,0.0,0.4,0.5,0.0,0.0,0.7,0.7704081632653061,0.2295918367346938,88.52602040816326,0.4285714285714285,0.5714285714285714,196.0
110,e4991724-8362-4ac7-ab6e-f9e8f8a063ae,Rays,SP,Jacob Lopez,L,0.2777777777777778,1.0,0.3333333333333333,0.3,0.3333333333333333,1.0,0.3333333333333333,0.4,0.5555555555555556,0.4444444444444444,84.52777777777777,0.3333333333333333,0.6666666666666666,18.0
111,7f930115-f071-4c18-a2ef-ad5cf6c49b54,Orioles,SP,Kyle Gibson,R,0.3234375,0.0,0.6666666666666666,0.3,0.4578125,0.0,1.0,0.4,0.678125,0.321875,87.91609375,0.2765625,0.7234375,640.0
112,9c506364-e0fa-45b9-9313-16f6e87e0327,Orioles,SP,Jack Flaherty,R,0.3654545454545455,0.0,0.0,0.4,0.4963636363636363,0.0,0.0,0.9,0.6436363636363637,0.3563636363636364,86.87145454545455,0.7909090909090909,0.209090909090909,550.0
113,ac593ed6-be4c-46be-b1ab-9a18da4338cf,Orioles,SP,Kyle Bradish,R,0.2868217054263566,0.0,0.3333333333333333,0.4,0.3992248062015504,0.0,0.3333333333333333,0.4,0.6782945736434108,0.3217054263565891,90.33333333333331,0.5038759689922481,0.4961240310077519,516.0
114,dba3e740-244b-487e-8122-2adc89c206f1,Orioles,SP,Dean Kremer,R,0.3179487179487179,0.0,0.0,0.1,0.4854700854700854,0.0,0.0,0.1,0.7042735042735043,0.2957264957264957,89.94410256410256,0.5982905982905983,0.4017094017094017,585.0
115,8e17fe93-87da-4a6c-a63e-32a8083470cc,Orioles,SP,Grayson Rodriguez,R,0.3342245989304813,0.0,0.0,0.3,0.5026737967914439,0.0,0.0,0.4,0.6470588235294118,0.3529411764705882,89.81283422459893,0.6283422459893048,0.3716577540106952,374.0
116,4c0f334c-1e2a-4917-840d-109fa30c45a3,Orioles,RP,Cole Irvin,L,0.3294573643410852,0.0,0.0,0.3,0.4689922480620155,0.0,0.0,0.3,0.6589147286821705,0.3410852713178294,87.22093023255815,0.4573643410852713,0.5426356589147286,258.0
117,7650dd19-c947-4419-90b7-79b77bb00c37,Orioles,RP,Yennier Cano,R,0.2669491525423729,0.0,0.3333333333333333,0.2,0.3559322033898305,0.0,0.3333333333333333,0.2,0.690677966101695,0.3093220338983051,93.62881355932204,0.1313559322033898,0.8686440677966102,236.0
118,f136950d-c272-4bea-9de6-e850c2925fe3,Orioles,RP,Shintaro Fujinami,R,0.3633217993079585,0.0,0.3333333333333333,0.4,0.5086505190311419,0.0,0.3333333333333333,1.0,0.6851211072664359,0.314878892733564,94.95640138408304,0.740484429065744,0.259515570934256,289.0
119,c3fa97e2-1ea0-4178-b4c3-3d33ac7444d5,Orioles,RP,Austin Voth,R,0.3611111111111111,1.0,0.6666666666666666,0.7,0.5138888888888888,1.0,0.6666666666666666,1.0,0.625,0.375,86.69166666666666,0.5277777777777778,0.4722222222222222,144.0
120,3c3e37f1-b7b1-4d64-ac0a-303dcc82f688,Orioles,RP,Cionel Pérez,L,0.345360824742268,0.0,0.0,0.1,0.4278350515463917,0.0,0.0,0.1,0.7268041237113402,0.2731958762886597,91.70206185567012,0.6082474226804123,0.3917525773195876,194.0
121,526a1205-0c3c-4c93-916d-5beeca478bb6,Orioles,RP,Jacob Webb,R,0.2883435582822086,0.0,0.3333333333333333,0.3,0.4355828220858895,0.0,0.3333333333333333,0.3,0.6134969325153374,0.3865030674846625,89.99263803680981,0.50920245398773,0.4907975460122699,163.0
122,1b1b2a53-fd3b-471b-b4cf-4e7a661c89c6,Orioles,RP,Nicholas Vespi,L,0.3103448275862069,0.0,0.0,0.4,0.5172413793103449,0.0,0.0,0.9,0.7068965517241379,0.293103448275862,85.2103448275862,0.7931034482758621,0.2068965517241379,58.0
123,93413a68-2c05-405a-a38c-9ee983b36913,Tigers,SP,Eduardo Rodriguez,L,0.2678983833718245,0.0,0.0,0.1,0.3810623556581986,0.0,0.0,0.1,0.6605080831408776,0.3394919168591224,90.00069284064666,0.6374133949191686,0.3625866050808314,433.0
124,a526a335-b798-4351-b1a1-ebeb96a21bd1,Tigers,SP,Matthew Manning,R,0.2899628252788104,1.0,0.3333333333333333,0.3,0.4572490706319702,1.0,0.3333333333333333,0.4,0.758364312267658,0.241635687732342,87.29219330855018,0.758364312267658,0.241635687732342,269.0
125,22187b04-0bc4-4351-a0f6-d41013673cb6,Tigers,SP,Tarik Skubal,L,0.2763157894736842,0.0,0.3333333333333333,0.1,0.375,0.0,0.3333333333333333,0.1,0.7631578947368421,0.2368421052631578,91.86842105263158,0.6381578947368421,0.3618421052631579,152.0
126,81188c28-2235-44cf-b11a-c58a192e3d4c,Tigers,SP,Reese Olson,R,0.2939068100358423,0.0,0.3333333333333333,0.5,0.4659498207885305,0.0,0.3333333333333333,1.1,0.6917562724014337,0.3082437275985663,90.16559139784948,0.6200716845878136,0.3799283154121863,279.0
127,6506c668-01ec-4f16-b00b-768f1a199b07,Tigers,SP,Alexander Faedo,R,0.248780487804878,0.0,0.0,0.2,0.448780487804878,0.0,0.0,0.5,0.6634146341463415,0.3365853658536585,87.6770731707317,0.8390243902439024,0.1609756097560975,205.0
128,5f333b4b-e361-4705-8741-0c0f0dd1a4f7,Tigers,RP,Jason Foley,R,0.2927927927927928,1.0,0.6666666666666666,0.3,0.3828828828828828,2.0,1.0,0.4,0.7027027027027027,0.2972972972972973,95.55810810810812,0.1351351351351351,0.8648648648648649,222.0
129,bc310e40-61b2-4148-80f5-918bc70c2946,Tigers,RP,Tyler Holton,L,0.22,0.0,0.0,0.0,0.304,0.0,0.0,0.0,0.648,0.352,87.2684,0.596,0.404,250.0
130,0d9babdc-80b5-40c2-a71d-068219b9337b,Tigers,RP,Beau Brieske,R,0.3055555555555556,0.0,0.3333333333333333,0.4,0.4444444444444444,0.0,0.3333333333333333,0.6,0.625,0.375,93.6263888888889,0.4861111111111111,0.5138888888888888,72.0
131,761063c5-7bae-48de-963e-11411b60d6f7,Tigers,RP,José Cisnero,R,0.3366336633663366,1.0,1.0,0.8,0.4851485148514851,1.0,1.3333333333333333,1.0,0.7079207920792079,0.292079207920792,92.54504950495048,0.7178217821782178,0.2821782178217821,202.0
132,5989b40c-e523-4138-853d-40c0f8f4ece3,Tigers,RP,William Vest,R,0.2949640287769784,0.0,0.6666666666666666,0.5,0.3884892086330935,0.0,0.6666666666666666,0.6,0.6546762589928058,0.3453237410071942,90.88129496402878,0.841726618705036,0.158273381294964,139.0
133,ef5a39be-5ae6-401c-b03b-50272b051082,Tigers,RP,Andrew Vasquez,L,0.3350515463917525,1.0,0.3333333333333333,0.4,0.4278350515463917,3.0,1.0,0.6,0.6494845360824743,0.3505154639175257,81.38659793814433,0.922680412371134,0.0773195876288659,194.0
134,c8456d31-3817-41a4-a932-eebbc42d2920,Tigers,RP,Brendan White,R,0.3208955223880597,0.0,0.0,0.3,0.4477611940298507,0.0,0.0,0.4,0.6492537313432836,0.3507462686567164,88.02985074626865,0.5373134328358209,0.4626865671641791,134.0
135,2d8de314-4980-4f1a-97b5-279261ceb111,Twins,SP,Pablo López,R,0.2813990461049284,0.0,0.3333333333333333,0.4,0.4085850556438791,0.0,0.3333333333333333,0.4,0.643879173290938,0.356120826709062,89.65786963434023,0.3259141494435612,0.6740858505564388,629.0
136,b004cc6c-f00c-4b5d-917a-ee1abf92179d,Twins,SP,Sonny Gray,R,0.2948073701842546,0.0,0.3333333333333333,0.6,0.371859296482412,0.0,0.3333333333333333,0.6,0.6381909547738693,0.3618090452261306,87.52763819095478,0.4003350083752093,0.5996649916247906,597.0
137,d596dae4-f972-444d-9db0-4efd47b0fb44,Twins,SP,John Ober,R,0.290187891440501,0.0,0.0,0.2,0.4488517745302714,0.0,0.0,0.3,0.6367432150313153,0.3632567849686847,86.1686847599165,0.6346555323590815,0.3653444676409186,479.0
138,e66534ab-0f5b-4c55-ade3-c06bd798a77f,Twins,SP,Kenta Maeda,R,0.287719298245614,0.0,0.0,0.4,0.4561403508771929,0.0,0.0,1.0,0.6175438596491228,0.3824561403508772,84.94000000000001,0.5964912280701754,0.4035087719298245,285.0
139,77bb98d3-51ff-40c4-89cb-219ff98496f5,Twins,SP,Dallas Keuchel,L,0.3571428571428571,0.0,0.0,0.0,0.4285714285714285,0.0,0.0,0.0,0.6071428571428571,0.3928571428571428,83.76428571428572,0.2142857142857142,0.7857142857142857,56.0
140,0d43ccec-1f14-4abc-9914-54a699607f31,Twins,RP,James Jax,R,0.2863849765258216,0.0,0.0,0.4,0.3896713615023474,0.0,0.0,1.2,0.676056338028169,0.323943661971831,89.58732394366197,0.2018779342723004,0.7981220657276995,213.0
141,0473750e-f7fa-4ee6-bf65-de76b2bc2917,Twins,RP,Emilio Pagán,R,0.2464454976303317,0.0,0.0,0.1,0.3696682464454976,0.0,0.0,0.1,0.6872037914691943,0.3127962085308057,91.42417061611374,0.8862559241706162,0.1137440758293838,211.0
142,80488696-f2df-40de-b98f-8de75d404cbc,Twins,RP,Dylan Floro,R,0.3557692307692308,0.0,0.6666666666666666,0.8,0.4519230769230769,0.0,0.6666666666666666,0.8,0.6442307692307693,0.3557692307692308,90.31153846153846,0.4326923076923077,0.5673076923076923,208.0
143,37d66c9e-486b-4084-ad22-f359d28ff214,Twins,RP,Caleb Thielbar,L,0.2352941176470588,0.0,0.3333333333333333,0.4,0.4117647058823529,0.0,0.3333333333333333,0.5,0.6911764705882353,0.3088235294117647,86.96764705882353,0.6323529411764706,0.3676470588235294,68.0
144,cf3f4403-0d6c-424f-a820-045cdfd24d7f,Twins,RP,Josh Winder,R,0.3604651162790697,1.0,0.6666666666666666,0.7,0.5232558139534884,1.0,0.6666666666666666,0.8,0.6627906976744186,0.3372093023255814,87.96279069767442,0.6627906976744186,0.3372093023255814,86.0
145,6104d7b2-b208-4bb3-b76d-a21f3c661e78,Twins,RP,Bryson Sands,R,0.3472222222222222,0.0,0.3333333333333333,0.3,0.5277777777777778,0.0,0.3333333333333333,0.3,0.6527777777777778,0.3472222222222222,89.96944444444445,0.4444444444444444,0.5555555555555556,72.0
146,e27962b7-39b4-43b5-9e6f-0fe27dcf2ead,Twins,RP,Oliver Ortega,R,0.3015873015873015,1.0,0.3333333333333333,0.5,0.4126984126984127,1.0,0.3333333333333333,0.6,0.6349206349206349,0.365079365079365,87.05555555555556,0.4761904761904761,0.5238095238095238,63.0
147,9dd06397-4353-44e8-81bb-6e88a75e42b5,Royals,SP,Jordan Lyles,R,0.3066439522998296,0.0,0.3333333333333333,0.2,0.5332197614991482,0.0,1.3333333333333333,0.5,0.7018739352640545,0.2981260647359455,86.31499148211243,0.4054514480408858,0.5945485519591142,587.0
148,ba554801-7322-487c-a998-74fd132712e8,Royals,SP,Donald Greinke,R,0.3073684210526315,1.0,0.3333333333333333,0.1,0.4968421052631579,1.0,0.3333333333333333,0.1,0.6736842105263158,0.3263157894736842,84.38505263157894,0.5284210526315789,0.471578947368421,475.0
149,18f3c854-6490-4e6b-8afe-bc562c5b20b4,Royals,SP,Brady Singer,R,0.3272727272727272,0.0,0.6666666666666666,0.5,0.484297520661157,0.0,0.6666666666666666,0.8,0.6710743801652893,0.3289256198347107,88.35438016528926,0.4694214876033057,0.5305785123966942,605.0
150,9941a844-9315-4f2f-9fc2-533c07b625f2,Royals,SP,Cole Ragans,L,0.3230088495575221,0.0,0.3333333333333333,0.4,0.4292035398230088,0.0,0.3333333333333333,0.4,0.6283185840707964,0.3716814159292035,89.92477876106194,0.5752212389380531,0.4247787610619469,226.0
151,3beb4f90-3b36-4fce-8c70-c8f154ce2b82,Royals,SP,Alec Marsh,R,0.3793103448275862,1.0,0.3333333333333333,0.3,0.6157635467980296,2.0,0.6666666666666666,0.7,0.6305418719211823,0.3694581280788177,88.92216748768473,0.6650246305418719,0.334975369458128,203.0
152,d4dac3af-b2e9-4f8c-ae5e-abc3cf990d90,Royals,RP,Austin Cox,L,0.3070866141732283,1.0,1.0,0.5,0.3858267716535433,1.0,1.0,0.5,0.6377952755905512,0.3622047244094488,87.49370078740158,0.7165354330708661,0.2834645669291338,127.0
153,dfbb5a84-c020-47ee-a5fa-d8bada279486,Royals,RP,Taylor Hearn,L,0.4098360655737705,1.0,0.3333333333333333,0.4,0.639344262295082,4.0,1.3333333333333333,0.9,0.639344262295082,0.360655737704918,91.51475409836064,0.8524590163934426,0.1475409836065573,61.0
154,da381d9b-e6c5-4be2-9d24-ae1cf8f42259,Royals,RP,Joseph Davidson,L,0.3722222222222222,0.0,0.3333333333333333,0.2,0.5055555555555555,0.0,0.3333333333333333,0.2,0.6722222222222223,0.3277777777777778,86.50611111111111,0.8555555555555555,0.1444444444444444,180.0
155,7eb34043-55cb-40e1-a8e2-e2d2c7f494b8,Royals,RP,Angel Zerpa,L,0.3766233766233766,0.0,0.6666666666666666,0.3,0.5454545454545454,0.0,1.0,0.7,0.7662337662337663,0.2337662337662337,90.65064935064936,0.6623376623376623,0.3376623376623376,77.0
156,ec8c009d-72ac-4271-bb71-52ad784f5c47,Royals,RP,John McMillon,R,0.1,0.0,0.0,0.1111111111111111,0.4,0.0,0.0,0.4444444444444444,0.6,0.4,90.34,1.0,0.0,10.0
157,b3b31a27-6fdd-483f-9d67-23d50fd951db,Royals,RP,Taylor Clarke,R,0.3738317757009345,1.0,0.6666666666666666,0.5,0.5280373831775701,1.0,0.6666666666666666,0.5,0.6074766355140186,0.3925233644859813,89.52897196261682,0.6682242990654206,0.3317757009345794,214.0
158,2debe5bd-ebc7-4315-a36d-e6a278f5bbf8,Royals,RP,Jackson Kowar,R,0.373134328358209,0.0,0.0,0.4,0.4776119402985074,0.0,0.0,0.4,0.6268656716417911,0.373134328358209,89.32089552238806,0.6268656716417911,0.373134328358209,67.0
159,6072398c-e2b4-405c-932a-aa05582114dc,White Sox,SP,Dylan Cease,R,0.3305921052631579,0.0,0.6666666666666666,0.8,0.4621710526315789,0.0,0.6666666666666666,1.0,0.6151315789473685,0.3848684210526316,89.03536184210526,0.8322368421052632,0.1677631578947368,608.0
160,998eaf5a-e1b2-4baa-af3c-2fb4e8ded567,White Sox,SP,Michael Kopech,R,0.3520309477756286,1.0,1.0,0.4,0.5551257253384912,4.0,2.0,0.8,0.5996131528046421,0.4003868471953578,91.68027079303674,0.9032882011605416,0.0967117988394584,517.0
161,dd0eb9ae-c640-4291-89e0-38f91ab8feae,White Sox,SP,Michael Clevinger,R,0.3185378590078329,0.0,0.3333333333333333,0.5,0.4621409921671018,0.0,0.3333333333333333,0.9,0.6344647519582245,0.3655352480417754,88.51331592689294,0.8485639686684073,0.1514360313315927,383.0
162,44bdf132-b09d-4f16-95cf-43ff690aff61,White Sox,SP,Dany Toussaint,R,0.3565573770491803,1.0,0.6666666666666666,0.2,0.4877049180327868,4.0,1.6666666666666667,0.5,0.6065573770491803,0.3934426229508196,87.7594262295082,0.3319672131147541,0.6680327868852459,244.0
163,f7588c07-8ad8-4791-a223-ad5f7243aa0f,White Sox,SP,Jesse Scholtens,R,0.3185483870967742,0.0,0.3333333333333333,0.4,0.4354838709677419,0.0,0.3333333333333333,0.4,0.6895161290322581,0.3104838709677419,87.32701612903226,0.8387096774193549,0.1612903225806451,248.0
164,982edc12-b347-4998-80e4-5f088f2a3378,White Sox,RP,Aaron Bummer,L,0.3284313725490196,1.0,0.3333333333333333,0.3,0.4117647058823529,1.0,0.3333333333333333,0.6,0.5931372549019608,0.4068627450980392,88.95294117647059,0.0931372549019607,0.9068627450980392,204.0
165,ffe440b0-da23-41c3-af18-0bfe816bdc55,White Sox,RP,James Lambert,R,0.3509933774834437,0.0,0.3333333333333333,0.3,0.609271523178808,0.0,0.3333333333333333,0.6,0.6622516556291391,0.3377483443708609,88.53112582781458,0.7549668874172185,0.2450331125827814,151.0
166,45273e61-1cac-4596-8658-31c06d773435,White Sox,RP,Bryan Shaw,R,0.3595505617977528,0.0,0.6666666666666666,0.4,0.4943820224719101,0.0,0.6666666666666666,0.4,0.6404494382022472,0.3595505617977528,89.26516853932584,0.7078651685393258,0.2921348314606741,89.0
167,a5b129bf-8b14-4753-b95b-cca0e29a6a25,White Sox,RP,Tanner Banks,L,0.3186813186813186,1.0,0.6666666666666666,0.4,0.554945054945055,1.0,0.6666666666666666,0.5,0.7527472527472527,0.2472527472527472,87.98241758241758,0.6923076923076923,0.3076923076923077,182.0
168,a11bebff-1db9-4345-bd77-87bafada9c61,White Sox,RP,Lane Ramsey,R,0.2857142857142857,1.0,0.3333333333333333,0.3,0.3142857142857143,1.0,0.3333333333333333,0.3,0.7714285714285715,0.2285714285714285,91.10857142857144,1.0,0.0,35.0
169,6adb7010-9a82-46e4-b5dd-83218c982350,White Sox,RP,Edgar Navarro,R,0.4,0.0,0.3333333333333333,0.4,0.8,0.0,0.6666666666666666,0.9,0.6666666666666666,0.3333333333333333,91.21333333333334,0.2,0.8,15.0
170,eaea23a2-1852-4b8e-b95c-656c2ccc836b,White Sox,RP,Samuel Peralta,L,0.3157894736842105,0.0,0.0,0.1,0.3684210526315789,0.0,0.0,0.1,0.5789473684210527,0.4210526315789473,85.13157894736842,0.4736842105263157,0.5263157894736842,19.0
171,0d19def3-bd18-473c-b6f8-5b92b017f27f,Guardians,SP,Noah Syndergaard,R,0.3442622950819672,0.0,0.0,0.1,0.5628415300546448,0.0,0.0,0.2,0.7377049180327869,0.2622950819672131,88.41311475409836,0.3251366120218579,0.674863387978142,366.0
172,337921aa-4410-42f6-9900-3f81ad7fb00c,Guardians,SP,Tanner Bibee,R,0.3008474576271186,0.0,0.0,0.1,0.4088983050847458,0.0,0.0,0.2,0.6652542372881356,0.3347457627118644,89.40021186440678,0.7627118644067796,0.2372881355932203,472.0
173,59085c2a-d957-4bb4-8d7e-295419b7254d,Guardians,SP,Gavin Williams,R,0.3061224489795918,0.0,0.3333333333333333,0.2,0.4448979591836735,0.0,0.3333333333333333,0.3,0.6285714285714286,0.3714285714285714,89.67224489795919,0.7836734693877551,0.2163265306122449,245.0
174,64e072d2-dbcb-499d-8e08-ff2046272ffe,Guardians,SP,Logan Allen,L,0.317351598173516,0.0,0.0,0.0,0.4520547945205479,0.0,0.0,0.0,0.6643835616438356,0.3356164383561644,86.37054794520549,0.5684931506849316,0.4315068493150685,438.0
175,2cf9c618-4a88-412c-9ab4-3e70671e7b1f,Guardians,RP,Xzavion Curry,R,0.2908496732026144,0.0,0.0,0.3,0.4379084967320261,0.0,0.0,0.4,0.7418300653594772,0.2581699346405229,87.69411764705883,0.826797385620915,0.1732026143790849,306.0
176,197d4140-84fd-43d4-b9ee-4506549c3be9,Guardians,RP,Trevor Stephan,R,0.2964601769911504,0.0,0.3333333333333333,0.2,0.4247787610619469,0.0,0.3333333333333333,0.2,0.6460176991150443,0.3539823008849557,90.09734513274336,0.7168141592920354,0.2831858407079646,226.0
177,19531254-3669-4d66-a1ac-c1264e6cb3bb,Guardians,RP,Sam D. Hentges,L,0.3396226415094339,0.0,0.0,0.2,0.4276729559748428,0.0,0.0,0.2,0.6918238993710691,0.3081761006289308,89.72704402515724,0.4842767295597484,0.5157232704402516,159.0
178,d7ef5d66-3914-4a6a-bf41-1b77369a58a6,Guardians,RP,Elijah Morgan,R,0.3108108108108108,0.0,0.3333333333333333,0.2,0.4459459459459459,0.0,0.3333333333333333,0.5,0.6036036036036037,0.3963963963963964,85.25495495495495,0.6081081081081081,0.3918918918918919,222.0
179,47f3a8f2-b73d-4560-8f51-bfe08515a9cd,Guardians,RP,Enyel De Los Santos,R,0.2906403940886699,0.0,0.3333333333333333,0.4,0.4039408866995074,0.0,0.3333333333333333,0.8,0.6896551724137931,0.3103448275862069,92.38177339901478,0.9113300492610836,0.0886699507389162,203.0
180,1458283f-6a58-4f58-9bbb-7160086b9bc8,Guardians,RP,Nick Sandlin,R,0.2582417582417582,0.0,0.3333333333333333,0.5,0.4395604395604395,0.0,1.3333333333333333,1.1,0.6978021978021978,0.3021978021978022,85.92912087912089,0.7307692307692307,0.2692307692307692,182.0
181,a0fac67f-f601-4745-af63-92009f082930,Guardians,RP,James Karinchak,R,0.2936507936507936,1.0,0.3333333333333333,0.3,0.4682539682539682,1.0,0.3333333333333333,0.3,0.5634920634920635,0.4365079365079365,91.02698412698412,0.6666666666666666,0.3333333333333333,126.0
182,627d5421-39e7-4b24-b231-90e5e8b9a5ba,Guardians,RP,Tim Herrin,L,0.336283185840708,0.0,0.3333333333333333,0.3,0.4424778761061947,0.0,0.3333333333333333,0.3,0.6194690265486725,0.3805309734513274,91.15486725663716,0.7699115044247787,0.2300884955752212,113.0
183,8f0c3e7b-ea0c-471c-870a-c9f7bdd81f47,Reds,SP,Douglas Ashcraft,R,0.3350785340314136,0.0,0.0,0.1,0.4921465968586387,0.0,0.0,0.1,0.6858638743455497,0.3141361256544502,93.45305410122164,0.9075043630017452,0.0924956369982548,573.0
184,7abdea2a-e3d9-4458-a044-0b6d989065cd,Reds,SP,Christian Greene,R,0.3382789317507418,1.0,1.0,0.6,0.5489614243323442,4.0,3.0,1.6,0.6231454005934718,0.3768545994065282,94.90356083086051,0.9465875370919882,0.0534124629080118,337.0
185,45b2906b-e65a-450e-aefd-035284937324,Reds,SP,Brandon Williamson,L,0.3047091412742382,0.0,0.0,0.5,0.4764542936288088,0.0,0.0,0.8,0.7008310249307479,0.299168975069252,88.26731301939058,0.775623268698061,0.224376731301939,361.0
186,f7000da1-4701-412d-b283-92b0098530a0,Reds,SP,Andrew Abbott,L,0.2791411042944785,0.0,0.3333333333333333,0.3,0.4325153374233129,0.0,0.3333333333333333,0.6,0.6687116564417178,0.3312883435582822,88.36380368098159,0.5214723926380368,0.4785276073619632,326.0
187,999971ab-4ea4-49a9-9a9d-8a6fb06d55e1,Reds,SP,Lyon Richardson,R,0.4375,1.0,0.3333333333333333,0.3,0.8125,1.0,0.3333333333333333,0.3,0.5625,0.4375,91.875,0.4375,0.5625,16.0
188,2b80ad24-b20f-4845-afea-70ca01036efc,Reds,RP,Lucas Sims,R,0.3265306122448979,1.0,0.3333333333333333,0.4,0.4540816326530612,1.0,0.3333333333333333,0.7,0.5663265306122449,0.4336734693877551,88.85663265306123,0.9693877551020408,0.0306122448979591,196.0
189,926bfea7-9993-4019-b3e1-58e7d03f9b4b,Reds,RP,Ian Gibaut,R,0.2970711297071129,0.0,0.0,0.2,0.4309623430962343,0.0,0.0,0.5,0.6903765690376569,0.309623430962343,90.6765690376569,0.6485355648535565,0.3514644351464435,239.0
190,4b3f17a9-80c5-4a06-87b6-c515f3c34c42,Reds,RP,Derek Law,R,0.3,0.0,0.0,0.1,0.3833333333333333,0.0,0.0,0.1,0.6611111111111111,0.3388888888888889,90.71777777777778,0.7277777777777777,0.2722222222222222,180.0
191,646fa095-3f32-41f3-be45-12f5e2d087e4,Reds,RP,Samuel Moll,L,0.32,1.0,0.3333333333333333,0.3,0.41,1.0,0.3333333333333333,0.3,0.65,0.35,89.535,0.205,0.795,200.0
192,5f726846-50ef-4ba9-ba10-48c00e6644ff,Reds,RP,George Farmer,R,0.2851063829787234,0.0,0.0,0.1,0.451063829787234,0.0,0.0,0.1,0.6851063829787234,0.3148936170212766,89.60127659574468,0.7319148936170212,0.2680851063829787,235.0
193,186d83c6-e87a-4bf3-a930-31d1ec4cea90,Reds,RP,Alexander Young,L,0.3076923076923077,0.0,0.3333333333333333,0.3,0.4519230769230769,0.0,0.3333333333333333,0.4,0.6201923076923077,0.3798076923076923,87.0014423076923,0.0336538461538461,0.966346153846154,208.0
194,14a96f5a-b925-497b-abd1-bac8ac355f48,Reds,RP,Fernando Cruz,R,0.3018867924528302,1.0,0.3333333333333333,0.3,0.4339622641509434,1.0,0.3333333333333333,0.3,0.5849056603773585,0.4150943396226415,87.16179245283018,0.5754716981132075,0.4245283018867924,212.0
195,096955a1-b563-4611-860b-b8470d55dea4,Reds,SP,Brett Kennedy,R,0.2653061224489796,0.0,0.0,0.2,0.3469387755102041,0.0,0.0,0.2,0.6326530612244898,0.3673469387755102,90.05306122448981,0.5510204081632653,0.4489795918367347,49.0
196,262b24b7-ce98-4885-8715-2732a61db10d,Cardinals,SP,Miles Mikolas,R,0.3169230769230769,1.0,0.6666666666666666,0.4,0.4507692307692307,1.0,0.6666666666666666,0.7,0.7153846153846154,0.2846153846153846,88.13138461538462,0.44,0.56,650.0
197,c399c961-1b45-430c-858e-f0a33ae0af85,Cardinals,SP,Adam Wainwright,R,0.4074074074074074,1.0,0.6666666666666666,0.6,0.626984126984127,4.0,2.0,1.0,0.6878306878306878,0.3121693121693121,81.12460317460317,0.2936507936507936,0.7063492063492064,378.0
198,fd954c71-a360-41d8-846e-7faf831b6256,Cardinals,SP,Dakota Hudson,R,0.3279569892473118,1.0,0.6666666666666666,0.5,0.4731182795698925,1.0,0.6666666666666666,0.8,0.6612903225806451,0.3387096774193548,88.87580645161292,0.5268817204301075,0.4731182795698925,186.0
199,c8f9ffa5-d070-4c45-b415-c6331e0f3f7a,Cardinals,RP,Zachary Thompson,L,0.3358778625954198,0.0,0.0,0.3,0.4351145038167939,0.0,0.0,0.3,0.6259541984732825,0.3740458015267175,88.03358778625955,0.6793893129770993,0.3206106870229007,131.0
200,0f4978b2-11a8-42c4-af98-e7c8a9b42365,Cardinals,SP,Drew Rom,L,0.4782608695652174,1.0,0.6666666666666666,0.5,0.7391304347826086,1.0,1.0,0.7,0.6956521739130435,0.3043478260869565,88.23913043478261,0.6956521739130435,0.3043478260869565,23.0
201,6b4748c0-1b93-4a58-9896-80a04af32c5b,Cardinals,RP,Neil Pallante,R,0.3545454545454545,0.0,0.0,0.2,0.4545454545454545,0.0,0.0,0.3,0.6772727272727272,0.3227272727272727,91.9,0.85,0.15,220.0
202,ecee463a-f7fb-43ad-9a71-d20c3e4c5d38,Cardinals,RP,Joseph Romero,L,0.2540983606557377,0.0,0.0,0.0,0.3360655737704918,0.0,0.0,0.0,0.6885245901639344,0.3114754098360656,90.50081967213114,0.3360655737704918,0.6639344262295082,122.0
203,94006ace-427f-4b5a-bd5b-367118fd4eb2,Cardinals,RP,Drew VerHagen,R,0.3302752293577982,1.0,0.6666666666666666,0.4,0.4770642201834862,1.0,0.6666666666666666,0.4,0.6697247706422018,0.3302752293577982,88.98119266055046,0.4357798165137614,0.5642201834862385,218.0
204,9263d36c-cca2-4359-854e-b4139a494008,Cardinals,RP,John King,L,0.3302752293577982,1.0,0.3333333333333333,0.1,0.4403669724770642,1.0,0.3333333333333333,0.1,0.6422018348623854,0.3577981651376147,89.52477064220184,0.091743119266055,0.908256880733945,109.0
205,c6ed1126-55d9-496c-a23c-523d0029b6d7,Cardinals,RP,Andrew Suárez,L,0.3709677419354839,1.0,0.6666666666666666,0.6,0.5806451612903226,1.0,0.6666666666666666,0.9,0.7258064516129032,0.2741935483870967,87.46129032258065,0.6935483870967742,0.3064516129032258,62.0
206,051b28a4-a189-440e-bef0-3d922819e223,Cardinals,RP,Casey Lawrence,R,0.3658536585365853,1.0,0.6666666666666666,0.5,0.5609756097560976,1.0,1.0,0.8,0.6829268292682927,0.3170731707317073,84.39024390243902,0.6097560975609756,0.3902439024390244,41.0
207,8c51ad39-f1f6-4e63-9e0d-a8d99d195450,Cardinals,RP,Jacob Barnes,R,0.0,0.0,0.0,0.0,0.0,0.0,0.0,0.0,1.0,0.0,96.45,1.0,0.0,2.0
208,ffb19157-28c7-41ee-bdec-9b62d22337e2,Pirates,SP,Mitch Keller,R,0.312406576980568,0.0,0.3333333333333333,0.6,0.4559043348281016,0.0,0.3333333333333333,0.7,0.7204783258594918,0.2795216741405082,90.54962630792228,0.460388639760837,0.5396113602391629,669.0
209,a0c056de-bbc2-4370-a0d7-f503ddccc847,Pirates,SP,Johan Oviedo,R,0.3185419968304279,1.0,0.3333333333333333,0.3,0.4659270998415214,2.0,0.6666666666666666,0.7,0.6687797147385103,0.3312202852614897,90.54247226624406,0.7908082408874801,0.2091917591125198,631.0
210,7815f286-f332-429b-9378-fa6234af5036,Pirates,SP,Bailey Falter,L,0.33203125,0.0,0.3333333333333333,0.3,0.515625,0.0,0.3333333333333333,0.3,0.7421875,0.2578125,86.33359375,0.68359375,0.31640625,256.0
211,24fd467f-0330-4e16-aeee-7d99de324c97,Pirates,SP,Osvaldo Bido,R,0.3431372549019608,1.0,0.3333333333333333,0.4,0.4362745098039216,2.0,0.6666666666666666,0.5,0.6568627450980392,0.3431372549019608,89.64999999999999,0.7009803921568627,0.2990196078431372,204.0
212,a87a4eb5-c735-4431-ac59-c2cb85e2c82b,Pirates,SP,Luis L. Ortiz,R,0.3790322580645161,1.0,1.0,0.6,0.5524193548387096,1.0,2.0,1.2,0.6451612903225806,0.3548387096774194,91.71451612903226,0.5766129032258065,0.4233870967741935,248.0
213,f9f85708-f049-4b86-9f93-cf3c7f854b22,Pirates,RP,Colin Holderman,R,0.3068783068783068,0.0,0.0,0.4,0.4179894179894179,0.0,0.0,0.4,0.708994708994709,0.291005291005291,92.7253968253968,0.1428571428571428,0.8571428571428571,189.0
214,2945b9fb-77ed-4e60-a63d-0c4eb2feb458,Pirates,RP,Ryan Borucki,L,0.2549019607843137,0.0,0.0,0.1,0.4215686274509804,0.0,0.0,0.2,0.7745098039215687,0.2254901960784313,87.83529411764707,0.4705882352941176,0.5294117647058824,102.0
215,38fe7a7d-c990-4440-ad2a-6b7c60a98ae6,Pirates,SP,Thomas Hatch,R,0.3529411764705882,0.0,0.0,0.3,0.4411764705882353,0.0,0.0,0.4,0.6323529411764706,0.3676470588235294,88.70441176470588,0.5147058823529411,0.4852941176470588,68.0
216,eaa39de5-d59b-4e58-9530-baecb2846419,Pirates,SP,Colin Selby,R,0.40625,0.0,0.0,0.4,0.59375,0.0,0.0,1.0,0.625,0.375,89.4,0.28125,0.71875,32.0
217,6b2fa002-16eb-4c76-8db3-405f67a84c5b,Pirates,RP,Jose Hernandez,L,0.2901234567901234,1.0,0.3333333333333333,0.5,0.4814814814814814,2.0,0.6666666666666666,0.9,0.6666666666666666,0.3333333333333333,88.37345679012346,0.8580246913580247,0.1419753086419753,162.0
218,bc6343f5-aaf5-4d41-8179-478789f264ed,Pirates,RP,Yohan Ramirez,R,0.3724137931034483,1.0,0.6666666666666666,0.4,0.4482758620689655,1.0,0.6666666666666666,0.4,0.6206896551724138,0.3793103448275862,91.7841379310345,0.0,1.0,145.0
219,706b7c5f-edb5-4a98-8d88-f28a8b9124f1,Pirates,RP,Andre Jackson,R,0.303030303030303,0.0,0.6666666666666666,0.3,0.5227272727272727,0.0,1.6666666666666667,0.6,0.75,0.25,89.83409090909092,0.4545454545454545,0.5454545454545454,132.0
220,3ce2509f-eec9-4d02-aa76-0dce03029347,Brewers,SP,Corbin Burnes,R,0.2722852512155591,0.0,0.0,0.1,0.3727714748784441,0.0,0.0,0.1,0.6288492706645057,0.3711507293354943,91.44408427876824,0.6499189627228525,0.3500810372771475,617.0
221,e28344cd-b08e-43ec-adcb-f6693203cf82,Brewers,SP,Freddy Peralta,R,0.2944344703770197,0.0,0.3333333333333333,0.2,0.4470377019748653,0.0,0.3333333333333333,0.2,0.6642728904847397,0.3357271095152603,88.62118491921005,0.7432675044883303,0.2567324955116696,557.0
222,1ae40975-8948-422d-b0e7-81092ee9f55a,Brewers,SP,Brandon Woodruff,R,0.2358490566037736,1.0,0.3333333333333333,0.4,0.4433962264150943,2.0,0.6666666666666666,1.1,0.6698113207547169,0.330188679245283,92.13584905660376,0.4716981132075472,0.5283018867924528,106.0
223,d8326a8e-0f8a-49dc-b3a9-610ddfdc53b7,Brewers,SP,Wade Miley,L,0.2949438202247191,0.0,0.3333333333333333,0.4,0.4410112359550562,0.0,0.3333333333333333,0.5,0.6404494382022472,0.3595505617977528,86.77275280898876,0.6741573033707865,0.3258426966292135,356.0
224,8156bec7-9689-46d6-9b0f-eddf7240d9a3,Brewers,SP,Adrian Houser,R,0.3367875647668393,0.0,0.3333333333333333,0.3,0.4585492227979275,0.0,0.3333333333333333,0.4,0.6994818652849741,0.3005181347150259,90.40440414507772,0.3626943005181347,0.6373056994818653,386.0
225,889d4e15-173d-43af-90cc-58da6c8bc759,Brewers,RP,Joel Payamps,R,0.2398190045248869,0.0,0.0,0.3,0.3619909502262443,0.0,0.0,0.6,0.6787330316742082,0.3212669683257919,90.12262443438914,0.6742081447963801,0.3257918552036199,221.0
226,c7cc1802-2a2a-4cce-b028-fc69a82d08ae,Brewers,RP,Andrew Chafin,L,0.3352272727272727,0.0,0.6666666666666666,0.4,0.4829545454545454,0.0,1.0,0.8,0.5454545454545454,0.4545454545454545,88.98579545454545,0.5511363636363636,0.4488636363636363,176.0
227,e83160b9-1507-4d04-aad5-086a5196af0a,Brewers,RP,Hoby Milner,L,0.2696078431372549,0.0,0.3333333333333333,0.2,0.3823529411764705,0.0,0.3333333333333333,0.2,0.6323529411764706,0.3676470588235294,84.39999999999999,0.1862745098039215,0.8137254901960784,204.0
228,1f9bb067-a493-4954-8ad8-dfa9f6349cf8,Brewers,RP,Elvis Peguero,R,0.3188405797101449,0.0,0.3333333333333333,0.3,0.3961352657004831,0.0,0.3333333333333333,0.3,0.6183574879227053,0.3816425120772946,93.6072463768116,0.4734299516908212,0.5265700483091788,207.0
229,424fdb4f-bc6c-4f13-85af-e2482a92e059,Brewers,RP,Abner Uribe,R,0.2615384615384615,0.0,0.3333333333333333,0.4,0.3076923076923077,0.0,0.3333333333333333,0.4,0.7076923076923077,0.2923076923076923,97.40461538461538,0.3230769230769231,0.676923076923077,65.0
230,afebcbd0-fe00-4d21-99c5-6cee7e5eea02,Brewers,RP,Bryse Wilson,R,0.2723577235772357,0.0,0.0,0.2,0.4349593495934959,0.0,0.0,0.2,0.7235772357723578,0.2764227642276423,90.2109756097561,0.4674796747967479,0.532520325203252,246.0
231,39c7f4b3-4a7e-429f-bb09-4a22b5614c3d,Brewers,RP,Trevor Megill,R,0.3225806451612903,0.0,0.3333333333333333,0.2,0.3978494623655914,0.0,0.3333333333333333,0.2,0.7311827956989247,0.2688172043010752,96.0225806451613,0.7956989247311828,0.2043010752688172,93.0
232,70f7f1a5-e82d-45c9-8fb1-7ba495797690,Cubs,SP,Justin Steele,L,0.2932604735883424,0.0,0.3333333333333333,0.3,0.4043715846994535,0.0,0.3333333333333333,0.3,0.6958105646630237,0.3041894353369763,88.7511839708561,0.965391621129326,0.0346083788706739,549.0
233,0b4c4345-7609-4ab1-9aaa-41d56d7f1fda,Cubs,SP,Jameson Taillon,R,0.326271186440678,0.0,0.3333333333333333,0.2,0.4957627118644068,0.0,1.3333333333333333,0.5,0.6949152542372882,0.3050847457627119,88.23834745762711,0.5063559322033898,0.4936440677966102,472.0
234,dec510da-0104-48f0-892f-37a9ab9d02ff,Cubs,SP,Kyle Hendricks,R,0.2818627450980392,0.0,0.0,0.3,0.4142156862745098,0.0,0.0,0.4,0.5833333333333334,0.4166666666666667,84.15955882352941,0.1740196078431372,0.8259803921568627,408.0
235,1c6ebbc7-2df6-432f-960d-0e7162f3dd6d,Cubs,SP,Todd Smyly,L,0.3339449541284404,0.0,0.6666666666666666,0.5,0.5376146788990825,0.0,1.6666666666666667,0.9,0.6513761467889908,0.3486238532110092,84.93926605504588,0.0807339449541284,0.9192660550458716,545.0
236,564bb787-e788-4acf-9dab-1da0e14578e0,Cubs,RP,Javier Assad,R,0.3016949152542373,0.0,0.6666666666666666,0.3,0.447457627118644,0.0,2.6666666666666665,0.9,0.6949152542372882,0.3050847457627119,89.61898305084745,0.5694915254237288,0.4305084745762711,295.0
237,3f24039c-5b79-4724-9db7-31609917c462,Cubs,RP,Mark Leiter Jr.,R,0.2614678899082568,1.0,0.6666666666666666,0.3,0.3669724770642202,1.0,0.6666666666666666,0.4,0.6009174311926605,0.3990825688073394,87.12614678899082,0.1697247706422018,0.8302752293577982,218.0
238,2ddc3b5f-b9d0-4d0b-a7cb-0bfe7ec9c20e,Cubs,RP,Julian Merryweather,R,0.3208333333333333,0.0,0.0,0.4,0.4125,0.0,0.0,0.7,0.6583333333333333,0.3416666666666667,91.78333333333332,0.8833333333333333,0.1166666666666666,240.0
239,ec504c95-8a64-46ad-91ae-850c6e7350db,Cubs,RP,Michael Fulmer,R,0.329004329004329,1.0,0.6666666666666666,0.5,0.4891774891774891,2.0,1.0,0.7,0.6277056277056277,0.3722943722943723,89.7909090909091,0.4848484848484848,0.5151515151515151,231.0
240,e338c359-f475-41d6-82e6-7d1db71289cb,Cubs,RP,Jose Cuas,R,0.3809523809523809,1.0,0.6666666666666666,0.5,0.5064935064935064,1.0,0.6666666666666666,0.5,0.5670995670995671,0.4329004329004329,88.74112554112554,0.4891774891774891,0.5108225108225108,231.0
241,359d6c91-4911-4870-9b4a-f4ff9172b82e,Cubs,RP,Daniel Palencia,R,0.3148148148148148,0.0,0.0,0.2,0.5,0.0,0.0,0.5,0.6481481481481481,0.3518518518518518,94.57407407407408,0.9629629629629628,0.037037037037037,54.0
242,70da19cd-4226-43da-a667-e604ee2dc0b5,Cubs,RP,Michael Rucker,R,0.3450292397660818,0.0,0.0,0.3,0.5029239766081871,0.0,0.0,0.6,0.672514619883041,0.327485380116959,90.55847953216374,0.9005847953216374,0.0994152046783625,171.0
243,07e64bda-3dd4-4634-84ff-1a2693ea6c76,Cubs,RP,Hayden Wesneski,R,0.2950819672131147,0.0,0.3333333333333333,0.2,0.5049180327868853,0.0,0.3333333333333333,0.4,0.6721311475409836,0.3278688524590163,88.60950819672132,0.4131147540983607,0.5868852459016394,305.0
244,e2081019-8ef0-471d-b6d6-1333a8a45897,Rockies,SP,Kyle Freeland,L,0.3404634581105169,0.0,0.3333333333333333,0.4,0.5258467023172906,0.0,0.3333333333333333,0.5,0.7040998217468806,0.2959001782531194,85.50570409982174,0.3832442067736185,0.6167557932263814,561.0
245,f27bbbb3-40ab-4ade-b6ec-355b9499da40,Rockies,SP,Austin Gomber,L,0.3451957295373665,1.0,1.0,0.4,0.5338078291814946,1.0,1.0,0.4,0.7241992882562278,0.2758007117437722,85.63701067615658,0.6103202846975089,0.3896797153024911,562.0
246,fae16ac1-d99d-4626-83c2-0a8e89545a2b,Rockies,RP,Christoper Flexen,R,0.389776357827476,0.0,0.0,0.2,0.6070287539936102,0.0,0.0,0.2,0.6773162939297125,0.3226837060702875,87.45079872204472,0.8210862619808307,0.1789137380191693,313.0
247,5fac7e47-21bc-414e-a696-a1bc961333b0,Rockies,SP,Peter Lambert,R,0.3309608540925267,0.0,0.0,0.1,0.5516014234875445,0.0,0.0,0.1,0.6725978647686833,0.3274021352313167,88.99857651245551,0.5907473309608541,0.4092526690391459,281.0
248,ca9e5330-a6cc-4b9e-a40e-6c8b672edb81,Rockies,SP,Tyson Blach,L,0.358695652173913,0.0,0.3333333333333333,0.5,0.4891304347826087,0.0,0.3333333333333333,0.5,0.7119565217391305,0.2880434782608695,86.19239130434782,0.1413043478260869,0.8586956521739131,184.0
249,21595f39-abdb-4acc-80a7-56da680691e9,Rockies,SP,Karl Kauffmann,R,0.4117647058823529,0.0,0.3333333333333333,0.4,0.5686274509803921,0.0,0.3333333333333333,0.5,0.6568627450980392,0.3431372549019608,88.01862745098039,0.4411764705882353,0.5588235294117647,102.0
250,e26ad1fe-6f72-4747-be95-5dce2271eaa7,Rockies,RP,Brent Suter,L,0.282051282051282,0.0,0.6666666666666666,0.4,0.3461538461538461,0.0,0.6666666666666666,0.4,0.6410256410256411,0.358974358974359,83.02521367521368,0.4102564102564102,0.5897435897435898,234.0
251,b3af5f28-6809-49b7-9ea2-693b19cf13d1,Rockies,RP,Jacob Bird,R,0.3396825396825397,1.0,0.3333333333333333,0.3,0.4444444444444444,2.0,0.6666666666666666,0.5,0.7238095238095238,0.2761904761904762,90.39428571428572,0.1714285714285714,0.8285714285714286,315.0
252,10677fbd-6f12-4f65-bd28-34ece6d885e2,Rockies,RP,Daniel Bard,R,0.3834196891191709,1.0,1.0,0.7,0.5077720207253886,4.0,2.333333333333333,1.1,0.616580310880829,0.3834196891191709,90.30880829015544,0.6269430051813472,0.3730569948186528,193.0
253,726fbad1-82d5-480f-9c9c-0bc7c73fd1e0,Rockies,RP,Matthew Koch,R,0.2421052631578947,0.0,0.6666666666666666,0.7,0.3684210526315789,0.0,1.0,1.1,0.7789473684210526,0.2210526315789473,90.68,1.0,0.0,95.0
254,05e0440a-dc29-4ad3-8e2c-fbfd884d0979,Rockies,RP,Justin Bruihl,L,0.3389830508474576,1.0,0.3333333333333333,0.2,0.4661016949152542,2.0,0.6666666666666666,0.3,0.6610169491525424,0.3389830508474576,84.68389830508475,0.6610169491525424,0.3389830508474576,118.0
255,617d9e4b-eedb-484b-a47c-84758e8509b4,Rockies,RP,Thomas Doyle,R,0.2545454545454545,0.0,0.0,0.1,0.3454545454545454,0.0,0.0,0.1,0.6909090909090909,0.3090909090909091,91.76,0.9454545454545454,0.0545454545454545,55.0
256,cc672f14-6c84-4dde-8beb-90664d467843,Padres,SP,Yu Darvish,R,0.3189189189189189,1.0,0.6666666666666666,0.5,0.463063063063063,1.0,0.6666666666666666,0.5,0.7009009009009008,0.2990990990990991,88.08216216216216,0.4162162162162162,0.5837837837837838,555.0
257,1a191c8a-25d8-4c89-8f54-5817cc666a64,Padres,SP,Blake Snell,L,0.3069139966273187,0.0,0.0,0.2,0.4148397976391231,0.0,0.0,0.2,0.5362563237774031,0.463743676222597,90.21703204047218,0.6188870151770658,0.3811129848229342,593.0
258,db6ced3d-7838-4a7c-92a5-50d0b63dac3b,Padres,SP,Michael Wacha,R,0.2734375,1.0,0.3333333333333333,0.4,0.40625,4.0,1.3333333333333333,0.7,0.6666666666666666,0.3333333333333333,86.37890625,0.4375,0.5625,384.0
259,0600588b-39b2-49eb-9e77-208f8fdaca9b,Padres,SP,Jacob Lugo,R,0.3093023255813953,0.0,0.3333333333333333,0.4,0.4651162790697674,0.0,0.6666666666666666,0.5,0.7232558139534884,0.2767441860465116,88.29209302325582,0.4023255813953488,0.5976744186046512,430.0
260,d9936d13-479d-43e0-a845-c74e17046622,Padres,SP,Richard Hill,L,0.3402061855670103,0.0,0.3333333333333333,0.3,0.5171821305841925,0.0,1.3333333333333333,0.9,0.6993127147766323,0.3006872852233677,79.04553264604812,0.4518900343642612,0.5481099656357389,582.0
261,1c172560-1d12-4223-ae7d-a31122a531e1,Padres,RP,Robert Suarez,R,0.2,1.0,0.3333333333333333,0.2,0.28,1.0,0.3333333333333333,0.2,0.66,0.34,94.992,0.4,0.6,50.0
262,a8a00e47-833d-41d0-9265-641b9243b21d,Padres,RP,Steven Wilson,R,0.2890995260663507,0.0,0.0,0.4,0.4360189573459715,0.0,0.0,0.5,0.6303317535545023,0.3696682464454976,85.60189573459715,0.3459715639810427,0.6540284360189573,211.0
263,b7b19f8d-e715-4b66-ab11-428544faf023,Padres,RP,Scott Barlow,R,0.3392857142857143,0.0,0.3333333333333333,0.3,0.4375,0.0,0.3333333333333333,0.3,0.6160714285714286,0.3839285714285714,84.453125,0.6116071428571429,0.3883928571428571,224.0
264,3fb2dc02-5694-44a6-9f00-4a064e23ecb2,Padres,RP,Thomas Cosgrove,L,0.2758620689655172,0.0,0.0,0.3,0.3310344827586207,0.0,0.0,0.3,0.6344827586206897,0.3655172413793103,82.67310344827587,0.7931034482758621,0.2068965517241379,145.0
265,3e7022c3-b58b-4a6c-9606-963d8f3f50e3,Padres,RP,Luis García,R,0.3284313725490196,0.0,0.0,0.1,0.4362745098039216,0.0,0.0,0.1,0.6519607843137255,0.3480392156862745,92.17843137254904,0.4264705882352941,0.5735294117647058,204.0
266,36818090-03bc-44dc-b0f7-4fb0f4182bb1,Padres,RP,Nicholas Martinez,R,0.3083109919571045,1.0,0.6666666666666666,0.4,0.4262734584450402,1.0,0.6666666666666666,0.7,0.5817694369973191,0.4182305630026809,86.93753351206435,0.3083109919571045,0.6916890080428955,373.0
267,0d4b4a6e-7b39-41b5-8f8e-843b7dea0857,Padres,RP,Pedro Avila,R,0.2989690721649484,1.0,0.6666666666666666,0.3,0.4020618556701031,2.0,1.3333333333333333,0.5,0.6082474226804123,0.3917525773195876,87.8,0.2989690721649484,0.7010309278350515,97.0
268,532d4a28-6fd6-4f5e-9054-69203c78de4b,Dodgers,SP,Michael Lynn,R,0.3232484076433121,0.0,0.0,0.2,0.5207006369426752,0.0,0.0,0.2,0.6576433121019108,0.3423566878980891,89.2015923566879,0.6942675159235668,0.3057324840764331,628.0
269,7981804b-af38-415b-8c97-1055d54db6be,Dodgers,SP,Julio Urías,L,0.2830626450116009,1.0,0.3333333333333333,0.2,0.4663573085846867,2.0,0.6666666666666666,0.3,0.6774941995359629,0.3225058004640371,87.59767981438515,0.5591647331786543,0.4408352668213457,431.0
270,d3351c6e-12cf-4ab5-b651-ad23d49c4245,Dodgers,SP,Clayton Kershaw,L,0.2644230769230769,0.0,0.0,0.3,0.4038461538461538,0.0,0.0,0.5,0.6947115384615384,0.3052884615384615,86.20336538461538,0.8149038461538461,0.1850961538461538,416.0
271,57ba104f-27dc-45fa-8532-d7b8b2909acf,Dodgers,SP,Robert Miller,R,0.2928994082840236,1.0,0.3333333333333333,0.2,0.4171597633136095,1.0,0.3333333333333333,0.2,0.6775147928994083,0.3224852071005917,93.02130177514792,0.4822485207100592,0.5177514792899408,338.0
272,dae38ebc-f1dc-4b47-a8b6-9bee0fc2a2dd,Dodgers,SP,Ryan Yarbrough,L,0.2845849802371542,0.0,0.0,0.0,0.3952569169960474,0.0,0.0,0.0,0.6403162055335968,0.3596837944664031,80.41897233201581,0.233201581027668,0.766798418972332,253.0
273,43862b88-c119-4625-b138-f3c5ea1b8b06,Dodgers,RP,Brusdar Graterol,R,0.2850241545893719,1.0,0.3333333333333333,0.3,0.3719806763285024,1.0,0.3333333333333333,0.3,0.7294685990338164,0.2705314009661835,95.67826086956522,0.5217391304347826,0.4782608695652174,207.0
274,d5c0ed32-abeb-4907-8bbf-5e96ef35592b,Dodgers,RP,Caleb Ferguson,L,0.3571428571428571,1.0,1.0,0.5,0.419047619047619,4.0,2.0,0.8,0.6095238095238096,0.3904761904761905,92.85333333333334,0.9857142857142858,0.0142857142857142,210.0
275,6426ad53-44d1-4ae9-b14c-b068106f5949,Dodgers,RP,Ryan Brasier,R,0.2802197802197802,0.0,0.3333333333333333,0.1,0.3791208791208791,0.0,0.3333333333333333,0.1,0.6978021978021978,0.3021978021978022,90.88901098901098,0.8296703296703297,0.1703296703296703,182.0
276,bea7d9db-323c-4a8b-bbe9-0581df94536b,Dodgers,RP,Alexander Vesia,L,0.3461538461538461,0.0,0.0,0.1,0.4871794871794871,0.0,0.0,0.1,0.6987179487179487,0.3012820512820512,92.28461538461538,0.9935897435897436,0.0064102564102564,156.0
277,e23c15a9-89e8-4436-b9c0-6b6c0a5d3fb5,Dodgers,RP,Victor González,L,0.3027522935779816,0.0,0.0,0.1,0.4128440366972477,0.0,0.0,0.1,0.6513761467889908,0.3486238532110092,91.13669724770642,0.3486238532110092,0.6513761467889908,109.0
278,708dc84f-d81e-4283-945b-88a06e613d5e,Dodgers,RP,Gus Varland,R,0.4307692307692308,1.0,0.6666666666666666,0.3,0.6307692307692307,1.0,1.3333333333333333,0.5,0.7076923076923077,0.2923076923076923,92.58615384615383,0.9076923076923076,0.0923076923076923,65.0
279,b60e970e-aef6-4e74-97c9-b308c6aeca87,Dodgers,RP,Bryan Hudson,L,0.4117647058823529,1.0,0.6666666666666666,0.6,0.5294117647058824,1.0,0.6666666666666666,0.9,0.8235294117647058,0.1764705882352941,91.61176470588236,1.0,0.0,34.0
280,72248e3e-3b0f-4523-9ff6-833aa33f3b32,Giants,SP,Logan Webb,R,0.28101644245142,0.0,0.6666666666666666,0.4,0.4110612855007474,0.0,0.6666666666666666,0.8,0.6696562032884903,0.3303437967115097,88.72077727952167,0.1943198804185351,0.8056801195814649,669.0
281,d2c5e643-fe5d-4ece-8f1e-560d6b2048ed,Giants,SP,Alexander Cobb,R,0.3321234119782214,1.0,0.6666666666666666,0.3,0.4718693284936479,1.0,0.6666666666666666,0.4,0.6515426497277677,0.3484573502722323,91.1076225045372,0.0453720508166969,0.9546279491833032,551.0
282,956280da-4ce3-41db-8830-e04ef52bb0f2,Giants,SP,Robert Wood,L,0.3518518518518518,0.0,0.3333333333333333,0.5,0.5061728395061729,0.0,0.3333333333333333,0.5,0.6666666666666666,0.3333333333333333,86.84320987654321,0.3117283950617284,0.6882716049382716,324.0
283,f578d526-6d2e-4590-9665-ed42c72c883f,Giants,RP,Sean Manaea,L,0.3184357541899441,0.0,0.3333333333333333,0.4,0.4748603351955307,0.0,1.3333333333333333,1.0,0.6983240223463687,0.3016759776536313,89.59888268156425,0.8072625698324022,0.1927374301675977,358.0
284,12798db1-6631-44ba-a2c6-9941f0b4c77e,Giants,SP,Kyle Harrison,L,0.4375,0.0,0.3333333333333333,0.4,0.75,0.0,0.3333333333333333,0.5,0.6875,0.3125,92.4125,0.8125,0.1875,16.0
285,d62161c0-7148-4a67-94da-b284eb458293,Giants,RP,Tyler Rogers,R,0.2633744855967078,0.0,0.3333333333333333,0.3,0.3744855967078189,0.0,0.3333333333333333,0.6,0.6666666666666666,0.3333333333333333,77.54074074074074,0.5473251028806584,0.4526748971193415,243.0
286,cf42953d-893f-4191-aab5-c1a94636efc8,Giants,RP,Taylor Rogers,L,0.2764705882352941,0.0,0.6666666666666666,0.5,0.388235294117647,0.0,0.6666666666666666,0.7,0.6882352941176471,0.3117647058823529,84.45411764705882,0.0823529411764705,0.9176470588235294,170.0
287,042c8b24-768e-4c51-9dc3-b7d441a7165c,Giants,RP,Scott Alexander,L,0.2955974842767295,1.0,0.6666666666666666,0.3,0.3647798742138364,1.0,0.6666666666666666,0.3,0.7547169811320755,0.2452830188679245,91.19874213836478,0.1194968553459119,0.8805031446540881,159.0
288,1d8f74e9-5ca5-4407-9ef8-8512d00f2860,Giants,RP,Luke Jackson,R,0.2696629213483146,0.0,0.3333333333333333,0.3,0.3707865168539326,0.0,0.3333333333333333,0.3,0.6629213483146067,0.3370786516853932,89.00112359550562,0.9550561797752808,0.0449438202247191,89.0
289,919d18a0-cd70-43c9-81f2-b96bf9e66a17,Giants,RP,Jakob Junis,R,0.3233333333333333,0.0,0.0,0.1,0.5066666666666667,0.0,0.0,0.1,0.64,0.36,87.18266666666666,0.6633333333333333,0.3366666666666666,300.0
290,dce67aa3-b64d-4a49-b9f3-dd5bac19ebf8,Giants,RP,Ryan Walker,R,0.3015873015873015,0.0,0.0,0.3,0.4285714285714285,0.0,0.0,0.3,0.6243386243386243,0.3756613756613756,88.56190476190477,0.5555555555555556,0.4444444444444444,189.0
291,0cd3ad75-4c79-4b7f-b5ec-6f6afc74167c,Giants,RP,Tristan Beck,R,0.2825278810408922,0.0,0.0,0.2,0.3903345724907063,0.0,0.0,0.2,0.6988847583643123,0.3011152416356877,87.92565055762081,0.6914498141263941,0.3085501858736059,269.0
292,e488a3a6-4673-4e5d-befe-6d5ab57b0b8e,Diamondbacks,SP,Zachary Gallen,R,0.2720478325859491,1.0,0.6666666666666666,0.3,0.4005979073243647,1.0,1.6666666666666667,0.7,0.6547085201793722,0.3452914798206278,89.401644245142,0.6053811659192825,0.3946188340807174,669.0
293,871f04aa-367c-48fb-8ae5-a5bd9e27cb8b,Diamondbacks,SP,Kenneth Kelly,R,0.2979127134724857,0.0,0.3333333333333333,0.3,0.4421252371916508,0.0,0.3333333333333333,0.4,0.6072106261859582,0.3927893738140417,90.07286527514232,0.4667931688804554,0.5332068311195446,527.0
294,5f6e12b8-1a4b-4b56-ab3b-1b349c0cd614,Diamondbacks,SP,Brandon Pfaadt,R,0.332089552238806,0.0,0.6666666666666666,0.3,0.5597014925373134,0.0,1.0,0.4,0.7126865671641791,0.2873134328358209,88.90373134328358,0.5,0.5,268.0
295,dbdd2193-a5ad-474a-afdd-5f9fd308a09e,Diamondbacks,SP,Slade Cecconi,R,0.2903225806451613,0.0,0.3333333333333333,0.1,0.4677419354838709,0.0,1.3333333333333333,0.4,0.7096774193548387,0.2903225806451613,88.65322580645162,0.8709677419354839,0.1290322580645161,62.0
296,965b3981-3ecf-402e-a338-6dde330b445c,Diamondbacks,SP,Bryce Jarvis,R,0.217391304347826,0.0,0.0,0.3,0.3478260869565217,0.0,0.0,0.6,0.6956521739130435,0.3043478260869565,89.8913043478261,0.9130434782608696,0.0869565217391304,23.0
297,712e68e8-096a-48e0-9079-b52c02661829,Diamondbacks,RP,Scott McGough,R,0.2845849802371542,0.0,0.0,0.2,0.4387351778656126,0.0,0.0,0.2,0.6640316205533597,0.3359683794466403,89.26442687747036,0.5059288537549407,0.4940711462450592,253.0
298,016e7b25-5855-447a-aa10-10372bcc1fa3,Diamondbacks,RP,Kevin Ginkel,R,0.2487562189054726,1.0,0.3333333333333333,0.3,0.3482587064676617,1.0,0.3333333333333333,0.7,0.6218905472636815,0.3781094527363184,91.09154228855722,0.9353233830845772,0.0646766169154228,201.0
299,a8b37789-7620-414c-a5a4-c0eac1bb76a0,Diamondbacks,RP,Miguel Castro,R,0.277511961722488,0.0,0.0,0.5,0.4258373205741627,0.0,0.0,1.1,0.6507177033492823,0.3492822966507177,90.3377990430622,0.430622009569378,0.569377990430622,209.0
300,022f2098-d823-4bc8-be86-0073c5c6c884,Diamondbacks,RP,Kyle Nelson,L,0.2953367875647668,1.0,1.0,0.3,0.4507772020725388,1.0,1.0,0.3,0.6580310880829016,0.3419689119170984,88.2740932642487,1.0,0.0,193.0
301,225568a7-e1a6-41a0-9ae0-6361d63449dc,Diamondbacks,RP,Joseph Mantiply,L,0.2857142857142857,0.0,0.3333333333333333,0.4,0.5274725274725275,0.0,0.3333333333333333,0.4,0.6263736263736264,0.3736263736263736,85.48571428571428,0.0329670329670329,0.967032967032967,91.0
302,049f14e2-3e08-4485-8019-a3891d30501b,Diamondbacks,RP,Justin Martinez,R,0.4418604651162791,1.0,0.6666666666666666,0.4,0.5581395348837209,2.0,1.0,0.5,0.5581395348837209,0.4418604651162791,96.98837209302326,0.7674418604651163,0.2325581395348837,43.0
303,9134ddd1-00cf-4400-8499-bb5116278374,Diamondbacks,RP,Nabil Crismatt,R,0.4464285714285714,0.0,0.6666666666666666,0.5,0.6428571428571429,0.0,0.6666666666666666,0.8,0.5,0.5,83.05714285714285,0.3392857142857143,0.6607142857142857,56.0
304,ded1b30d-52ca-4eec-bce6-251b15b085ac,Phillies,SP,Aaron Nola,R,0.2837423312883436,1.0,0.3333333333333333,0.2,0.4647239263803681,1.0,0.3333333333333333,0.2,0.6426380368098159,0.357361963190184,86.7638036809816,0.3358895705521472,0.6641104294478528,652.0
305,f2c07e82-71e8-4c76-962b-3a7739a11626,Phillies,SP,Zachary Wheeler,R,0.2804487179487179,0.0,0.0,0.2,0.4022435897435897,0.0,0.0,0.2,0.6794871794871795,0.3205128205128205,91.82195512820512,0.5592948717948718,0.4407051282051282,624.0
306,515af486-d938-4cb6-90e4-943323a5737c,Phillies,SP,Taijuan Walker,R,0.3146853146853147,1.0,1.0,0.3,0.4562937062937063,2.0,1.6666666666666667,0.5,0.6311188811188811,0.3688811188811189,89.1312937062937,0.2937062937062937,0.7062937062937062,572.0
307,4150b3f7-beb3-4fbc-a947-933d45d20bfe,Phillies,SP,Michael Lorenzen,R,0.2774451097804391,1.0,1.0,0.5,0.3992015968063872,1.0,1.0,0.5,0.688622754491018,0.311377245508982,88.86467065868263,0.5548902195608783,0.4451097804391217,501.0
308,224f1f61-6abd-4662-8887-bd812df4357b,Phillies,SP,Cristopher Sánchez,L,0.26953125,1.0,0.6666666666666666,0.3,0.4453125,1.0,0.6666666666666666,0.4,0.69921875,0.30078125,86.700390625,0.18359375,0.81640625,256.0
309,1b02041b-941f-46af-a52e-79072e0e2a33,Phillies,RP,Seranthony Domínguez,R,0.3668639053254438,0.0,0.3333333333333333,0.4,0.4615384615384615,0.0,0.3333333333333333,0.4,0.6153846153846154,0.3846153846153846,95.66449704142012,0.6153846153846154,0.3846153846153846,169.0
310,6f454eeb-59bc-407d-b8ff-95f547bcb57c,Phillies,RP,Gregory Soto,L,0.2985074626865671,0.0,0.3333333333333333,0.3,0.3930348258706467,0.0,0.6666666666666666,0.4,0.6865671641791045,0.3134328358208955,94.5358208955224,0.572139303482587,0.4278606965174129,201.0
311,d2b49c9d-1c9f-44b4-b9b9-c4222dc0c089,Phillies,RP,Jeffrey Hoffman,R,0.25,0.0,0.3333333333333333,0.2,0.3648648648648648,0.0,0.6666666666666666,0.3,0.6824324324324325,0.3175675675675675,91.79256756756756,0.7432432432432432,0.2567567567567567,148.0
312,35a8a1b4-88fe-41a7-becb-6fbf97db70f0,Phillies,RP,Matthew Strahm,L,0.2593856655290102,0.0,0.0,0.1,0.4163822525597269,0.0,0.0,0.1,0.6996587030716723,0.3003412969283277,89.99795221843004,0.7952218430034129,0.204778156996587,293.0
313,13b09db2-4de1-4452-b533-874d4f595121,Phillies,RP,Dylan Covey,R,0.3714285714285714,1.0,1.0,0.6,0.5214285714285715,1.0,1.0,0.6,0.65,0.35,92.32714285714285,0.4785714285714286,0.5214285714285715,140.0
314,163d5f8f-78a7-456d-9809-74606c475a7f,Phillies,RP,José Alvarado,L,0.2727272727272727,1.0,0.3333333333333333,0.3,0.3818181818181818,1.0,0.3333333333333333,0.3,0.6272727272727273,0.3727272727272727,96.88181818181818,0.4090909090909091,0.5909090909090909,110.0
315,10c4be6a-33d6-4166-8e87-eef83a378b92,Phillies,RP,Andrew Bellatti,R,0.3157894736842105,0.0,0.0,0.2,0.4736842105263157,0.0,0.0,0.3,0.5,0.5,89.36842105263158,0.9736842105263158,0.0263157894736842,76.0
316,06180a69-fef8-44cc-bcea-cf581d7f9dc9,Mets,SP,Kodai Senga,R,0.3029197080291971,0.0,0.0,0.1,0.4014598540145985,0.0,0.0,0.1,0.5967153284671532,0.4032846715328467,89.78850364963503,0.6697080291970803,0.3302919708029197,548.0
317,683ac24d-7777-478b-8417-d0eb3cb04e83,Mets,SP,Carlos Carrasco,R,0.3753086419753086,1.0,0.6666666666666666,0.5,0.5580246913580247,2.0,1.0,0.6,0.6197530864197531,0.3802469135802469,88.1474074074074,0.4864197530864197,0.5135802469135803,405.0
318,b1e3b804-0022-40bc-8f53-8c82ee4eb1b9,Mets,SP,José Quintana,L,0.304054054054054,1.0,0.6666666666666666,0.3,0.3716216216216216,1.0,1.6666666666666667,0.6,0.581081081081081,0.4189189189189189,85.49594594594595,0.2229729729729729,0.777027027027027,148.0
319,42e026c7-10b1-4b2f-881f-472f6e9908cf,Mets,SP,David Peterson,L,0.3793103448275862,0.0,0.0,0.3,0.5488505747126436,0.0,0.0,0.6,0.632183908045977,0.367816091954023,87.88850574712644,0.4942528735632184,0.5057471264367817,348.0
320,75147a4e-9c8c-4f58-8b38-a4d2847ff108,Mets,SP,Tylor Megill,R,0.3806146572104019,0.0,0.6666666666666666,0.4,0.5295508274231678,0.0,1.6666666666666667,0.7,0.6666666666666666,0.3333333333333333,89.91702127659575,0.7423167848699763,0.2576832151300236,423.0
321,d940d087-acf8-4776-bc26-3807a3a72e9d,Mets,RP,Andrew Smith,R,0.3333333333333333,0.0,0.3333333333333333,0.3,0.492063492063492,0.0,0.6666666666666666,0.5,0.6243386243386243,0.3756613756613756,90.52063492063492,0.8306878306878307,0.1693121693121693,189.0
322,a1989569-fdf0-4ff6-b9f7-a9e141ab0251,Mets,RP,Trevor Gott,R,0.3382352941176471,0.0,0.6666666666666666,0.6,0.4411764705882353,0.0,1.0,0.7,0.6617647058823529,0.3382352941176471,90.98627450980392,0.5833333333333334,0.4166666666666667,204.0
323,dbab5d91-1ae7-4f80-a7c9-54cfd5318fb2,Mets,RP,Samuel Coonrod,R,0.1666666666666666,0.0,0.0,0.1,0.1666666666666666,0.0,0.0,0.1,0.75,0.25,92.375,0.4166666666666667,0.5833333333333334,12.0
324,02ede66e-feee-42d1-a094-4fad710f789b,Mets,RP,Phillip Bickford,R,0.3362068965517241,1.0,0.3333333333333333,0.4,0.4913793103448275,1.0,0.3333333333333333,0.4,0.6379310344827587,0.3620689655172414,90.3646551724138,1.0,0.0,232.0
325,bf1ec084-7d7b-4ef3-804b-722a53dbec4f,Mets,RP,Adam Kolarek,L,0.2,1.0,0.3333333333333333,0.2,0.2,1.0,0.3333333333333333,0.2,0.4666666666666667,0.5333333333333333,85.87333333333332,0.2666666666666666,0.7333333333333333,15.0
326,f378ead3-b390-4129-a8a6-f3e9a4747a24,Mets,RP,Reed Garrett,R,0.3833333333333333,0.0,0.0,0.1,0.6,0.0,0.0,0.1,0.6833333333333333,0.3166666666666666,91.25666666666666,0.65,0.35,60.0
327,ff772241-8fdd-488c-a81e-49b44ce600fc,Braves,SP,Charles Morton,R,0.3378607809847199,0.0,0.3333333333333333,0.3,0.4533106960950764,0.0,0.3333333333333333,0.3,0.597623089983022,0.4023769100169779,88.1962648556876,0.3870967741935484,0.6129032258064516,589.0
328,a68025fc-a0b7-4900-8339-cb4c139e6d57,Braves,SP,Spencer Strider,R,0.2779661016949152,0.0,0.3333333333333333,0.1,0.4135593220338983,0.0,0.3333333333333333,0.1,0.6220338983050847,0.3779661016949152,92.52406779661015,0.9355932203389832,0.0644067796610169,590.0
329,1e6d6727-0aec-48da-b880-d38a8178c5db,Braves,SP,Max Fried,L,0.2984293193717277,1.0,0.3333333333333333,0.2,0.3926701570680628,1.0,0.3333333333333333,0.2,0.6492146596858639,0.3507853403141361,88.68743455497382,0.4869109947643979,0.5130890052356021,191.0
330,8a4de81f-a497-40e4-ba42-39b4c1fbbdd3,Braves,SP,Bryce Elder,R,0.303236797274276,1.0,0.3333333333333333,0.3,0.4190800681431005,2.0,0.6666666666666666,0.4,0.65587734241908,0.3441226575809199,86.7611584327087,0.4752981260647359,0.524701873935264,587.0
331,57f8351b-3fbc-402f-a6c7-9a6a37f03f8e,Braves,SP,Jared Shuster,L,0.3367875647668393,0.0,0.3333333333333333,0.5,0.4611398963730569,0.0,0.3333333333333333,1.1,0.6735751295336787,0.3264248704663212,87.06891191709845,0.7512953367875648,0.2487046632124352,193.0
332,e1cbb2df-986d-4fab-bf1e-7192c54bdae9,Braves,RP,Alex Minter,L,0.2828282828282828,1.0,0.3333333333333333,0.3,0.404040404040404,1.0,0.3333333333333333,0.3,0.6666666666666666,0.3333333333333333,91.6080808080808,0.8383838383838383,0.1616161616161616,198.0
333,49812b41-643c-4356-b6eb-ffd29df4f653,Braves,RP,Joe Jiménez,R,0.2765957446808511,0.0,0.0,0.4,0.4148936170212766,0.0,0.0,0.6,0.7127659574468085,0.2872340425531915,91.02340425531916,0.9414893617021276,0.0585106382978723,188.0
334,9ef1bea8-21b4-4ba9-81d3-84ebfcf63582,Braves,RP,Pierce Johnson,R,0.3620689655172414,1.0,0.3333333333333333,0.3,0.521551724137931,4.0,1.3333333333333333,0.6,0.603448275862069,0.396551724137931,89.00129310344828,0.3577586206896552,0.6422413793103449,232.0
335,fe45e33b-f554-4856-af56-1f4f578eaa82,Braves,RP,Kirby Yates,R,0.3004926108374384,0.0,0.3333333333333333,0.4,0.4236453201970443,0.0,0.3333333333333333,0.4,0.5714285714285714,0.4285714285714285,89.94532019704434,0.5369458128078818,0.4630541871921182,203.0
336,72e92087-7bd4-4266-aac9-4df87bd84722,Braves,RP,Collin McHugh,R,0.3443983402489626,0.0,0.3333333333333333,0.3,0.4273858921161825,0.0,0.3333333333333333,0.3,0.6556016597510373,0.3443983402489626,84.09419087136929,0.4481327800829875,0.5518672199170125,241.0
337,ae850521-e9cb-4314-b66c-f6dd070556d7,Braves,RP,Bradley Hand,L,0.3439153439153439,1.0,0.6666666666666666,0.4,0.5079365079365079,4.0,1.6666666666666667,0.7,0.6402116402116402,0.3597883597883597,87.07195767195766,0.6984126984126984,0.3015873015873015,189.0
338,4f62487c-f2eb-4b1d-9296-6fd5d0342fb3,Braves,RP,Michael Tonkin,R,0.2570281124497992,0.0,0.3333333333333333,0.2,0.3815261044176707,0.0,0.3333333333333333,0.2,0.6987951807228916,0.3012048192771084,89.67670682730923,0.3534136546184739,0.6465863453815262,249.0
339,0764772b-e8ab-42b3-9ee4-2b61af785e75,Nationals,SP,Patrick Corbin,L,0.3349593495934959,0.0,0.0,0.1,0.4975609756097561,0.0,0.0,0.1,0.7024390243902439,0.2975609756097561,88.18585365853659,0.4471544715447154,0.5528455284552846,615.0
340,58ed579a-6d32-4fbf-80d0-bcfc5a5e5c18,Nationals,SP,Josiah Gray,R,0.3406040268456375,0.0,0.0,0.3,0.4765100671140939,0.0,0.0,0.3,0.6057046979865772,0.3942953020134228,87.93305369127516,0.6308724832214765,0.3691275167785235,596.0
341,6e4f47b4-6461-42c4-bb1a-5658b0649dfb,Nationals,SP,MacKenzie Gore,L,0.3269598470363288,0.0,0.3333333333333333,0.2,0.4875717017208413,0.0,0.3333333333333333,0.2,0.6309751434034416,0.3690248565965583,91.11357552581262,0.7590822179732314,0.2409177820267686,523.0
342,3382334c-e14c-48de-b248-273d6e6e003b,Nationals,SP,Joan Adon,R,0.2702702702702703,1.0,1.0,0.7,0.4864864864864865,4.0,2.333333333333333,1.3,0.7297297297297297,0.2702702702702703,89.29864864864865,0.4189189189189189,0.581081081081081,74.0
343,e40d5150-268a-4af2-99cc-dae6e3e1a016,Nationals,SP,Trevor Williams,R,0.3387978142076502,1.0,0.3333333333333333,0.2,0.5500910746812386,2.0,0.6666666666666666,0.3,0.6812386156648452,0.3187613843351548,86.75664845173043,0.639344262295082,0.360655737704918,549.0
344,53994f14-378a-4570-be06-e8ef68255c32,Nationals,SP,Jacob Irvin,R,0.3356973995271867,1.0,0.3333333333333333,0.4,0.4893617021276595,1.0,0.3333333333333333,0.4,0.6879432624113475,0.3120567375886525,89.87825059101655,0.3333333333333333,0.6666666666666666,423.0
345,0daadfb1-9f92-4ecf-87c4-bbfc0a232e6c,Nationals,RP,Hunter Harvey,R,0.24,0.0,0.0,0.1,0.3542857142857142,0.0,0.0,0.1,0.6857142857142857,0.3142857142857143,95.0337142857143,0.76,0.24,175.0
346,43eb93d2-4638-49d3-9bae-0c6f71157bbb,Nationals,RP,Jordan Weems,R,0.2625,0.0,0.0,0.3,0.4125,0.0,0.0,0.6,0.64375,0.35625,91.18,0.91875,0.08125,160.0
347,af2b5968-b8ea-4234-9b6d-e484b1d598ac,Nationals,RP,Andrés Machado,R,0.3388429752066115,1.0,0.6666666666666666,0.4,0.6363636363636364,4.0,1.6666666666666667,0.8,0.7355371900826446,0.2644628099173554,94.41818181818182,0.4049586776859504,0.5950413223140496,121.0
348,916b57c6-d2eb-47f9-92a6-779c0fb339ec,Nationals,RP,Mason Thompson,R,0.3459715639810427,1.0,0.3333333333333333,0.4,0.4265402843601896,1.0,0.3333333333333333,0.4,0.6587677725118484,0.3412322274881517,91.403317535545,0.2985781990521327,0.7014218009478673,211.0
349,73fdecbf-8738-4e32-adba-57d894931208,Nationals,RP,Jose A. Ferrer,L,0.3417721518987341,1.0,0.6666666666666666,0.3,0.430379746835443,1.0,0.6666666666666666,0.3,0.7215189873417721,0.2784810126582278,93.60886075949368,0.810126582278481,0.189873417721519,79.0
350,2f962f66-501f-4fc7-9a25-738a589c9e05,Nationals,RP,Robert Garcia,L,0.3170731707317073,1.0,0.6666666666666666,0.7,0.4878048780487805,1.0,1.6666666666666667,1.3,0.7073170731707317,0.2926829268292683,88.79512195121951,0.8048780487804879,0.1951219512195122,41.0
